Price,Close,High,Low,Open,Volume
Ticker,AAPL,AAPL,AAPL,AAPL,AAPL
Date,,,,,
2019-01-02,37.50373077392578,37.72459429722969,36.627408207295694,36.784149594963864,148158800
2019-01-03,33.7680778503418,34.60640172363963,33.72295500680148,34.19317547745964,365248800
2019-01-04,35.20961380004883,35.278486653439785,34.15043005188284,34.32379352547417,234428400
2019-01-07,35.131248474121094,35.34498772125398,34.649152921842216,35.314113428905806,219111200
2019-01-08,35.800960540771484,36.05507191717408,35.27136857362246,35.51835204691937,164101200
2019-01-09,36.40891647338867,36.69864919303754,35.534971211573676,35.929194550467045,180396400
2019-01-10,36.52528762817383,36.56565974711911,35.82707935334201,36.2165556097032,143122800
2019-01-11,36.16667938232422,36.50153493832651,35.98144090958733,36.306798636311406,108092800
2019-01-14,35.62284851074219,35.924456309448,35.437609988385816,35.824712768467144,129756800
2019-01-15,36.35192108154297,36.42791458616587,35.634713583499995,35.68696070331559,114843600
2019-01-16,36.7960205078125,37.01925755806657,36.33529785069117,36.354297134089684,122278800
2019-01-17,37.01451873779297,37.441993692409056,36.39705451182039,36.62029163388346,119284800
2019-01-18,37.242496490478516,37.49423066668109,37.04300581658366,37.40398497191301,135004000
2019-01-22,36.40653610229492,37.221109811985436,36.24504404145378,37.14511631915699,121576000
2019-01-23,36.55378723144531,36.84351998595546,36.02656885020508,36.60840791094517,92522400
2019-01-24,36.26405715942383,36.68678131637326,36.03607297019486,36.59891278758119,101766000
2019-01-25,37.46573257446289,37.55360472379612,36.64878503179591,36.92426561509673,134142000
2019-01-28,37.11899185180664,37.126116128342424,36.49203015046435,36.997871903214524,104768400
2019-01-29,36.73426818847656,37.55359634769264,36.598903290698956,37.107122292669665,166348800
2019-01-30,39.2444953918457,39.45823098230422,38.05231666544547,38.7695241919444,244439200
2019-01-31,39.52710723876953,40.13506984718842,39.08063311282435,39.44873654918918,162958400
2019-02-01,39.54609680175781,40.130309255024635,39.405977566123646,39.65059102884413,130672400
2019-02-04,40.66941833496094,40.766788323008775,39.726599996653896,39.75747429133821,125982000
2019-02-05,41.3652458190918,41.57898506305087,40.93065029956902,41.051766667858935,144406400
2019-02-06,41.37948226928711,41.69533847596294,41.04937750984635,41.47684858776138,112958400
2019-02-07,40.595794677734375,41.30825157661004,40.45330184846197,40.94252167255768,126966800
2019-02-08,40.643489837646484,40.70311587039723,40.16886530680823,40.304814408336355,95280000
2019-02-11,40.409759521484375,40.83430028954994,40.36683051801173,40.79613874916217,83973600
2019-02-12,40.75798034667969,40.784215952805525,40.474159782032444,40.5695636403469,89134000
2019-02-13,40.58863830566406,41.13719862995303,40.52662853099256,40.877229955507104,89960800
2019-02-14,40.73649978637695,40.84620963108841,40.39782441124615,40.476531198600185,87342800
2019-02-15,40.645870208740234,40.95115518004431,40.486072890892316,40.84382905782214,98507200
2019-02-19,40.76750946044922,40.889148896685995,40.42406656800364,40.476537768089266,75891200
2019-02-20,41.02986526489258,41.33753763113266,40.78182257054154,40.82952266876856,104457600
2019-02-21,40.79850769042969,41.11094745560871,40.617245898225995,40.97500202127681,68998800
2019-02-22,41.25406265258789,41.26121748586465,40.874841931781916,40.922542033388446,75652800
2019-02-25,41.5545768737793,41.94572353268566,41.487796003181955,41.53788347577221,87493600
2019-02-26,41.57843017578125,41.809779499488094,41.30176447990518,41.430558762837144,68280800
2019-02-27,41.707210540771484,41.738217238147755,41.19681191554491,41.311296503110974,111341600
2019-02-28,41.296993255615234,41.71676290033313,41.24213831860219,41.57604632138093,112861600
2019-03-01,41.73106384277344,41.77399283512558,41.234974864095655,41.56649542685582,103544800
2019-03-04,41.940940856933594,42.3940971200848,41.4925520547497,41.902779333495985,109744800
2019-03-05,41.86463165283203,41.97672889044358,41.62851124268091,41.9624192242437,78949600
2019-03-06,41.623748779296875,41.85509811540578,41.48541592394316,41.65952294909317,83241600
2019-03-07,41.141963958740234,41.60466257047475,41.027482991072056,41.46871346445025,99185600
2019-03-08,41.23974609375,41.27790762437119,40.42644621389484,40.622021328865515,95997600
2019-03-11,42.66838455200195,42.7208557482408,41.821697858468866,41.855088288867776,128044000
2019-03-12,43.14778137207031,43.56754731458191,42.7804829879991,42.93074174869042,129870400
2019-03-13,43.338584899902344,43.71780557424151,43.15016460861008,43.46737552238741,124130000
2019-03-14,43.82035827636719,43.90860727009879,43.54130890969814,43.86090353758059,94318000
2019-03-15,44.3903923034668,44.678983933208535,43.822754887497275,44.08749464595025,156171600
2019-03-18,44.843536376953125,44.931781718511836,44.31166967918677,44.31405704903428,104879200
2019-03-19,44.48816680908203,45.07488846111762,44.34267917125134,44.92224599185948,126585600
2019-03-20,44.87693405151367,45.19414495340022,44.05886306469387,44.41661922842223,124140800
2019-03-21,46.5297737121582,46.82552016805965,45.270472092327076,45.32055956507145,204136800
2019-03-22,45.56620407104492,47.149870977024335,45.50180695205783,46.58938494734348,169630800
2019-03-25,45.01527404785156,45.78802515555478,44.50487531846958,45.67592791524002,175381200
2019-03-26,44.55018997192383,46.00268305675248,44.02309782192176,45.71170769350031,199202000
2019-03-27,44.95087814331055,45.258546900327964,44.4929506048766,45.017659015210214,119393600
2019-03-28,45.01049041748047,45.21083297191448,44.72666997905723,45.065345337062375,83121600
2019-03-29,45.303863525390625,45.33487023011922,44.96757179333069,45.275244191354744,94256000
2019-04-01,45.61153030395508,45.71646906225277,44.92940835895731,45.70693049851085,111448000
2019-04-02,46.27456283569336,46.379505213666505,45.56620542365809,45.57574398561771,91062800
2019-04-03,46.59178161621094,46.86605990037226,46.06706963719681,46.09092150507348,93087200
2019-04-04,46.672874450683594,46.835055514550795,46.06468818261306,46.45821854703762,76457200
2019-04-05,46.98530960083008,47.00916146750853,46.730108456649496,46.85413161266641,74106400
2019-04-08,47.72468948364258,47.755692553374644,46.82791140744859,46.84699217920645,103526800
2019-04-09,47.581573486328125,48.380563770007704,47.51717635283578,47.77714861794036,143072800
2019-04-10,47.84869384765625,47.87731681584689,47.26674323132718,47.38599528748367,86781200
2019-04-11,47.45039749145508,47.93933170184318,47.328761691309175,47.903557536883895,83603200
2019-04-12,47.431312561035156,47.73421380848301,46.796894375967724,47.510019356322424,111042800
2019-04-15,47.51717758178711,47.66505261953051,47.22620224726255,47.362151350453125,70146400
2019-04-16,47.52194595336914,48.02757352365968,47.357377528133505,47.57203341989984,102785600
2019-04-17,48.447349548339844,48.50697558632508,47.369309762567,47.591116877015516,115627200
2019-04-18,48.621463775634766,48.6906283886764,48.30186903803461,48.44496936686441,96783200
2019-04-22,48.78124237060547,48.879029923206865,48.25891781907729,48.3757861360363,77758000
2019-04-23,49.48483657836914,49.54923371338613,48.63099134409102,48.7573982436491,93292000
2019-04-24,49.408512115478516,49.723335647068595,49.38227651790569,49.456212209442604,70162400
2019-04-25,48.96012878417969,49.55161802291001,48.921967248962424,49.329810923117755,74172800
2019-04-26,48.72639465332031,48.89334681703382,48.206453755716254,48.86949494823866,74596400
2019-04-29,48.800323486328125,49.12468920417565,48.6214454133817,48.75023602461829,88818800
2019-04-30,47.860626220703125,48.51174151592459,47.488560337719434,48.43065098025572,186139600
2019-05-01,50.209896087646484,51.35232939695796,49.9022236875031,50.057253572929376,259309200
2019-05-02,49.88314437866211,50.71790895155389,49.639872751990076,50.047712833889186,127985200
2019-05-03,50.503257751464844,50.524722253231914,50.140730395831206,50.298144020692696,83569600
2019-05-06,49.72333908081055,49.809200711588794,48.53558955444818,48.72400621236716,129772400
2019-05-07,48.38294219970703,49.47052032079765,47.898779164566115,49.10322560559148,155054800
2019-05-08,48.39249038696289,48.9744410929356,48.11821207126675,48.153986237910765,105358000
2019-05-09,47.8725471496582,48.10150906634315,46.90422100692585,47.79622408457386,139634400
2019-05-10,47.209346771240234,47.60918573031847,46.1534958760035,47.26680951074046,164834800
2019-05-13,44.4655647277832,45.36579237166061,43.77842304776529,44.94201700800786,229722400
2019-05-14,45.169464111328125,45.4184619831724,44.39134073852921,44.63076331477503,146118800
2019-05-15,45.71055603027344,45.90927719917939,44.537386913882365,44.597242555602286,106178800
2019-05-16,45.509437561035156,46.08165729454921,45.21255229155453,45.46873616698749,132125600
2019-05-17,45.25086975097656,45.70577121307955,44.714561831332965,44.75526323345386,131516400
2019-05-20,43.83588790893555,44.13756275712424,43.1631109114661,43.938841538280705,154449200
2019-05-21,44.6762580871582,45.011448261831,44.2213529606178,44.345853734052945,113459200
2019-05-22,43.76165771484375,44.46316775527912,43.70659154583368,44.21177332231356,118994400
2019-05-23,43.01466369628906,43.22535309271578,42.57173044037936,43.04818271299096,146118800
2019-05-24,42.84946060180664,43.608429762680224,42.76566123520502,43.14394936030299,94858800
2019-05-28,42.67230224609375,43.237339903951515,42.595688889982576,42.83750447599921,111792800
2019-05-29,42.468780517578125,42.94044331585505,42.138376171721504,42.23893322191725,113924800
2019-05-30,42.68905258178711,42.91171385804956,42.29879255396897,42.605253206009266,84873600
2019-05-31,41.91571807861328,42.61483166128946,41.89656383142089,42.19344552965514,108174400
2019-06-03,41.49193572998047,42.59806693078556,40.76648557188118,42.042608419661796,161584400
2019-06-04,43.009883880615234,43.05537476777668,41.78404110502101,42.00430950042937,123872000
2019-06-05,43.704193115234375,44.290781318198384,43.36900298779642,44.120789690734455,119093600
2019-06-06,44.34585189819336,44.405707544999764,43.6108228018273,43.83348770766248,90105200
2019-06-07,45.526214599609375,45.94999370524611,44.477545896123075,44.65471631575565,122737600
2019-06-10,46.108001708984375,46.77598911152849,45.878154420674264,45.923645296205336,104883600
2019-06-11,46.64191818237305,46.92683167348995,46.35221886941992,46.65389004356182,107731600
2019-06-12,46.49347686767578,46.919648817978434,46.30193805046919,46.436014126524086,73012800
2019-06-13,46.483882904052734,47.1159582393763,46.352203434721154,46.6155660266822,86698400
2019-06-14,46.14631271362305,46.349819729325915,45.56212099174863,45.86139923834012,75046000
2019-06-17,46.421653747558594,46.677837716141795,46.00984653024875,46.184624027838574,58676400
2019-06-18,47.5134162902832,47.95395301650747,46.73768937090985,46.9388034867993,106204000
2019-06-19,47.37454605102539,47.85578778829949,47.240469987030195,47.80790034833085,84496800
2019-06-20,47.75522994995117,48.03056445872031,47.41285375699523,47.9731017236882,86056000
2019-06-21,47.592430114746094,48.08803671259237,47.44159268874081,47.5972195902715,191202400
2019-06-24,47.54453659057617,47.92282470708887,47.446372455538985,47.53495764148546,72881600
2019-06-25,46.823875427246094,47.70734167307266,46.75683374423649,47.50862049453703,84281200
2019-06-26,47.836631774902344,48.12154522701095,47.250047189954486,47.35060423423424,104270000
2019-06-27,47.822269439697266,48.26041321777397,47.7815680377949,47.953948941552476,83598800
2019-06-28,47.386531829833984,47.76482006624837,47.17823528732283,47.56849173394604,124442400
2019-07-01,48.255615234375,48.95951810935631,48.04013274940011,48.64347859271239,109012000
2019-07-02,48.538143157958984,48.633914390891135,48.210135361751455,48.22210722253035,67740800
2019-07-03,48.94036102294922,48.94754340670116,48.52855397244757,48.66981239063299,45448000
2019-07-05,48.89727783203125,49.100788508582276,48.57884532744974,48.68658842285855,69062000
2019-07-08,47.889305114746094,48.21970578842082,47.50383461771007,48.07844734407372,101354400
2019-07-09,48.18140411376953,48.24604558375023,47.59960531085121,47.69297997634442,82312000
2019-07-10,48.65785217285156,48.77756346841761,48.25801688405682,48.32745148133247,71588400
2019-07-11,48.30351638793945,48.93559199528535,48.293941090035496,48.67701511228483,80767200
2019-07-12,48.67462158203125,48.842216692964875,48.41125522677883,48.4711108844908,70380800
2019-07-15,49.131927490234375,49.28994367519334,48.84222445342626,48.863771616834306,67789600
2019-07-16,48.96193313598633,49.34740375815225,48.722510480064635,48.98348029822733,67467200
2019-07-17,48.686580657958984,49.103173588115254,48.66742641412559,48.85417572487808,56430000
2019-07-18,49.239646911621094,49.29232016959373,48.770377064219026,48.842204566299756,74162400
2019-07-19,48.5046272277832,49.440770539487346,48.449561048653315,49.2707788735222,83717200
2019-07-22,49.61314392089844,49.615536831346986,48.74882832018021,48.75840361527281,89111600
2019-07-23,50.00100326538086,50.017764597061785,49.6298975911263,49.91002518280674,73420800
2019-07-24,49.96031188964844,50.07523371101221,49.60117800125017,49.720889297382925,59966400
2019-07-25,49.565269470214844,50.09678795373076,49.49583486785246,50.0129885793759,55638400
2019-07-26,49.73765182495117,50.214100456871776,49.59399680482801,49.67539961135831,70475600
2019-07-29,50.2021369934082,50.43198433339106,49.90525526033395,49.91004473601888,86693600
2019-07-30,49.98664474487305,50.3170490662959,49.63469326856571,49.981855270465864,135742800
2019-07-31,51.006587982177734,53.00097863500099,50.58999500539061,51.81583752155325,277125600
2019-08-01,49.90284729003906,52.201305551333476,49.49822619298105,51.21248911312201,216071600
2019-08-02,48.84700393676758,49.42400967424095,48.274784021316925,49.20853077764251,163448400
2019-08-05,46.28996658325195,47.56130005899529,46.108006714672,47.40328391275704,209572000
2019-08-06,47.1662483215332,47.42243223605077,46.45755587635723,47.001046156589894,143299200
2019-08-07,47.6546745300293,47.77917530974308,46.4048918709798,46.7855729428345,133457600
2019-08-08,48.70574188232422,48.72968560566816,47.73847610399667,47.932407841865114,108038000
2019-08-09,48.30438232421875,48.729767784636486,47.89581454791173,48.37888473817284,98478800
2019-08-12,48.18181228637695,48.55913570914154,47.86216992838576,47.97512638824654,89927600
2019-08-13,50.22224426269531,50.98409726275787,48.18182158394449,48.311603087933506,188874000
2019-08-14,48.72736740112305,49.61419405795877,48.68891335806939,48.825904511255764,146189600
2019-08-15,48.484622955322266,49.30175102924327,47.98713350406466,48.89799466345038,108909600
2019-08-16,49.62860870361328,49.78722886579138,48.989324050359016,49.09507082514442,110481600
2019-08-19,50.553890228271484,51.12587848929439,50.47698214806522,50.61877729536903,97654400
2019-08-20,50.55630111694336,51.27489599056535,50.546689438817666,50.68127493565582,107537200
2019-08-21,51.10425567626953,51.34698995795277,50.85431171958834,51.18837344081834,86141600
2019-08-22,51.06099319458008,51.53685003904177,50.65002341946824,51.23643471626912,89014800
2019-08-23,48.7009391784668,50.96246709693238,48.30679433653748,50.33279395070405,187272000
2019-08-26,49.6262092590332,49.794441106144575,49.28253222326784,49.47479876304336,104174400
2019-08-27,49.06624221801758,50.1213008461803,48.91483169869876,49.955470975912974,103493200
2019-08-28,49.3955078125,49.441171545943384,48.86437537035907,49.05183431078301,63755200
2019-08-29,50.23184585571289,50.30635193898806,49.66706722800578,50.109277719604904,83962000
2019-08-30,50.16695785522461,50.577923970977196,49.79684411690572,50.508229228326634,84573600
2019-09-03,49.43634796142578,49.74397297835489,49.08065722319765,49.611789494397975,80092000
2019-09-04,50.275108337402344,50.344803082405896,49.82568816430708,50.082841787242316,76752400
2019-09-05,51.25807571411133,51.42390559777108,50.83268649087719,50.950450645100226,95654800
2019-09-06,51.253257751464844,51.532044060281095,51.073008551878715,51.443122295315995,77449200
2019-09-09,51.47195816040039,52.017513401260366,50.72693037676321,51.6329803297721,109237600
2019-09-10,52.08000183105469,52.09922885258903,50.88074615868259,51.397459068892765,127111600
2019-09-11,53.73589324951172,53.76473561660298,52.32754595134343,52.4092617130592,177158400
2019-09-12,53.61573028564453,54.4160372602079,53.56045488514693,54.02670011962347,128906800
2019-09-13,52.57268524169922,53.062961469937115,52.156911432083696,52.8731005859375,159053200
2019-09-16,52.84906768798828,52.90434675357643,52.28669102458082,52.32754707272448,84632400
2019-09-17,53.04133224487305,53.07017461149301,52.66160681112901,52.86348870875079,73274800
2019-09-18,53.5388298034668,53.5580568283564,52.73852276993989,53.12785993920919,101360000
2019-09-19,53.103824615478516,53.77675209631372,52.96202577677849,53.35617058720185,88242400
2019-09-20,52.32754135131836,53.48834659405456,52.26505628460942,53.20475629070718,221652400
2019-09-23,52.565467834472656,52.83463876981788,52.30831057738616,52.62074322287127,76662000
2019-09-24,52.315528869628906,53.471530215080406,52.19776839960509,53.12064347326149,124763200
2019-09-25,53.12064743041992,53.23360390363498,52.18575493970242,52.52462435934759,87613600
2019-09-26,52.84666442871094,53.09901405388438,52.59191280094367,52.8731011259611,75334000
2019-09-27,52.58951187133789,53.10382280973313,52.21939810228417,53.002880023860584,101408000
2019-09-30,53.82722473144531,53.9738275789729,53.062966121770074,53.089402821067836,103909600
2019-10-01,53.976226806640625,54.84863417143314,53.882497362527516,54.09158894337955,139223200
2019-10-02,52.62314987182617,53.733483667972635,52.375604286174486,53.608509874016455,138449200
2019-10-03,53.07018280029297,53.10382917722504,51.70269136073253,52.49578505515693,114426000
2019-10-04,54.55781936645508,54.67318147966466,53.80798396648721,54.22856537788591,138478800
2019-10-07,54.56983947753906,55.259591853696065,54.27663384249984,54.379978615757466,122306000
2019-10-08,53.930564880371094,54.81018194958028,53.91374352685756,54.271839962271294,111820000
2019-10-09,54.56264877319336,54.74530002443332,54.22858698003769,54.56264877319336,74770400
2019-10-10,55.29804992675781,55.3821676863081,54.62752452153625,54.7789313546757,113013600
2019-10-11,56.76887893676758,57.112552273139926,55.83158101841057,55.98539350237772,166795600
2019-10-14,56.68716812133789,57.23032136758356,56.39877014720684,56.454045539346986,96427600
2019-10-15,56.55500411987305,57.11497520644614,56.44925731079616,56.81215779905526,87360000
2019-10-16,56.32667541503906,56.53576699278494,56.04548708687691,56.08634313450599,73903200
2019-10-17,56.545379638671875,56.75446755281839,56.122396137875576,56.49971591783996,67585200
2019-10-18,56.81696701049805,57.098155396512034,56.30745997725959,56.379560409689404,97433600
2019-10-21,57.80231475830078,57.91767689190389,57.03565787328163,57.08372359535983,87247200
2019-10-22,57.67013931274414,58.20848130833189,57.58842354511688,57.95853733426326,82293600
2019-10-23,58.44401168823242,58.458434707831906,57.97296239569402,58.18445601032442,75828800
2019-10-24,58.5401496887207,58.83335542623407,58.11476043557747,58.76365699654726,69275200
2019-10-25,59.261131286621094,59.29717966007289,58.371902625409106,58.4391953673054,73477200
2019-10-28,59.85475158691406,59.902817306683154,59.29477696701474,59.46300881979624,96572800
2019-10-29,58.47044372558594,60.02299199906073,58.297407843177915,59.83553309820382,142839600
2019-10-30,58.463233947753906,58.95351389312253,57.97055566675113,58.82373239756854,124522000
2019-10-31,59.78506088256836,59.88359800446322,57.0212394670206,59.41975843149152,139162000
2019-11-01,61.48180389404297,61.50823692360431,59.88119007430968,59.972513844449246,151125200
2019-11-04,61.88555145263672,61.96966920303615,61.37604828019382,61.844691744948584,103272000
2019-11-05,61.796653747558594,62.05140543292308,61.60198514523971,61.777423053742,79897600
2019-11-06,61.823081970214844,61.883165048582526,61.37366171752221,61.710125489509196,75864400
2019-11-07,62.53659439086914,62.75836715496231,62.218401564449074,62.37026665689407,94940400
2019-11-08,62.707740783691406,62.78005398312433,61.914671700144595,62.3582098215494,69986400
2019-11-11,63.20432662963867,63.26940852518434,62.259392237784176,62.26421066680897,81821200
2019-11-12,63.146446228027344,63.34652498524913,62.89575559310551,63.04761329533837,87388800
2019-11-13,63.75151443481445,63.82624054265363,62.93193278483699,62.94639542787812,102734400
2019-11-14,63.31037902832031,63.85033723289111,63.18020790529742,63.5779452383564,89182800
2019-11-15,64.06248474121094,64.06730317075748,63.399586537701325,63.56108852589213,100206400
2019-11-18,64.38549041748047,64.46503495810572,63.69366698470871,64.07211597134203,86703200
2019-11-19,64.1902084350586,64.60240830888569,63.97326152022207,64.57830146137563,76167200
2019-11-20,63.44294738769531,64.13958901338246,62.77040525583335,64.00942526376622,106234400
2019-11-21,63.15852737426758,63.64063511840121,62.95844854087911,63.56349611380853,121395200
2019-11-22,63.10308074951172,63.440554690647915,62.876489526953094,63.298333792468384,65325200
2019-11-25,64.20950317382812,64.22637870631682,63.2814445198713,63.327245332981434,84020400
2019-11-26,63.708126068115234,64.39994946222428,63.27663760333847,64.34691731931105,105207600
2019-11-27,64.56385040283203,64.59760146667433,63.95398456897874,64.01906644818817,65235600
2019-11-29,64.421630859375,64.60242121725912,64.09620674390789,64.2649473538178,46617600
2019-12-02,63.6767578125,64.66266674137404,63.505611714274686,64.426431424275,94487200
2019-12-03,62.54142379760742,62.56070486863775,61.779692755265934,62.26661887986274,114430400
2019-12-04,63.09342956542969,63.471885858788234,62.83791308419663,62.93192761261715,67181600
2019-12-05,64.0190658569336,64.09379930384016,63.332068402488204,63.58758484552913,74424400
2019-12-06,65.25567626953125,65.32558393574297,64.43368187672564,64.4770771543204,106075600
2019-12-09,64.34207916259766,65.27736166371423,63.85755870346598,65.08452157936348,128042400
2019-12-10,64.71814727783203,65.10142205791261,64.08657994334212,64.74707256593162,90420400
2019-12-11,65.27015686035156,65.34970876083788,64.72296719751874,64.79769331229033,78756800
2019-12-12,65.43645477294922,65.70161539296117,64.43849598392988,64.54937865907041,137310400
2019-12-13,66.3259506225586,66.36210722075081,65.30870330727501,65.43646152513958,133587600
2019-12-16,67.46131896972656,67.68550461462198,66.76709014300219,66.77190857113695,128186000
2019-12-17,67.59388732910156,67.92171691942357,67.20578694097172,67.39140304865965,114158400
2019-12-18,67.4323959350586,67.95307308973534,67.28294373773436,67.44685857632358,116028400
2019-12-19,67.4998779296875,67.77950120181951,67.24195597172216,67.37453261033633,98369200
2019-12-20,67.36007690429688,68.13385757058333,67.14794837558046,68.03261909048223,275978000
2019-12-23,68.45929718017578,68.5195606460034,67.58427047933793,67.62283998023321,98572000
2019-12-24,68.52436828613281,68.6738278372129,68.19895150700309,68.62561412958978,48478800
2019-12-26,69.8839340209961,69.90080955880055,68.62804531588958,68.6569706056224,93121200
2019-12-27,69.8573989868164,70.86259672343512,69.45243030638008,70.17559181703608,146266000
2019-12-30,70.27201080322266,70.55404702486167,68.75337459667797,69.7754404953618,144114400
2019-12-31,70.78544616699219,70.79267748666231,69.78989280626304,69.88872574600676,100805600
2020-01-02,72.40052032470703,72.46078378305016,71.15668166173941,71.40978524422886,135480400
2020-01-03,71.69664001464844,72.45595811976894,71.47246171476719,71.62914523544616,146322800
2020-01-06,72.26793670654297,72.3065062028637,70.56851011431775,70.81920816221287,118387200
2020-01-07,71.92804718017578,72.53308721808551,71.70868733859578,72.27757077764687,108872000
2020-01-08,73.08511352539062,73.38643082203993,71.63155918060959,71.63155918060959,132079200
2020-01-09,74.63748931884766,74.83032941641996,73.81067654984861,74.06136720541696,170108400
2020-01-10,74.80622100830078,75.37029336253585,74.30483235122053,74.87131024106992,140644800
2020-01-13,76.40442657470703,76.43094632364196,75.0039042885127,75.1220256778742,121532000
2020-01-14,75.37271881103516,76.55147571173875,75.24978634537415,76.3417600315841,161954400
2020-01-15,75.04969787597656,76.05248268254357,74.61820946436237,75.17263768221467,121923600
2020-01-16,75.98982238769531,76.10071246852102,75.23050414086309,75.59208495900991,108829200
2020-01-17,76.83108520507812,76.83349074089385,75.93195182564011,76.23808752279956,137816400
2020-01-21,76.31041717529297,76.90099467937888,76.17301471865545,76.459869381581,110843200
2020-01-22,76.58280181884766,77.13480977194556,76.48878729766383,76.79492300181599,101832400
2020-01-23,76.95160675048828,77.03115126719418,76.0886300322076,76.63582686293465,104472000
2020-01-24,76.7298583984375,77.93994620320352,76.53942377731238,77.1975035046655,146537600
2020-01-27,74.47356414794922,75.15333017904537,73.49247355216795,74.74113029786567,161940000
2020-01-28,76.58038330078125,76.75152944120848,75.25458738363722,75.35342032568062,162234000
2020-01-29,78.18338012695312,79.02948122719883,77.46986301615,78.2098998673926,216229200
2020-01-30,78.07008361816406,78.12311574202653,76.83588948795824,77.26737779773116,126743200
2020-01-31,74.60855102539062,77.78322490007396,74.31446514624638,77.36138082338869,199588400
2020-02-03,74.40370178222656,75.56798894697503,72.85131399164085,73.35270289463361,173788400
2020-02-04,76.8599853515625,77.05041986317606,75.60168455282226,76.00665306459754,136616400
2020-02-05,77.48676300048828,78.28465065522497,76.88412837567931,77.98573887898152,118826800
2020-02-06,78.39309692382812,78.395509815644,77.1998851389864,77.75671877652137,105425600
2020-02-07,77.3275375366211,78.14181565091206,76.83703724788526,77.89294126547146,117684000
2020-02-10,77.69479370117188,77.69479370117188,75.8342789707218,75.91401226143752,109348800
2020-02-11,77.22607421875,78.26265171467769,77.00861231633205,78.19016687181822,94323200
2020-02-12,79.05998992919922,79.0648197921596,77.67547099896561,77.67547099896561,113730400
2020-02-13,78.49698638916016,78.8231827517843,78.12971776259822,78.33268258573789,94747600
2020-02-14,78.51634979248047,78.76522420824622,78.00893385896474,78.4656030374421,80113600
2020-02-18,77.07868194580078,77.25990141746018,76.01794043224491,76.19915990390432,152531200
2020-02-19,78.19498443603516,78.42453202537972,77.32029972520789,77.32029972520789,93984000
2020-02-20,77.39278411865234,78.4438584118609,76.88778679879077,77.9557766771897,100566000
2020-02-21,75.64099884033203,77.42903672549149,75.02485563249914,76.98685711850104,129554000
2020-02-24,72.04801940917969,73.49777501677713,69.8854717188165,71.82572767869755,222195200
2020-02-25,69.60758209228516,73.0990790994302,69.13641603822464,72.71731344350151,230673600
2020-02-26,70.71183776855469,71.97554423056066,69.22583954625632,69.23308803031283,198054800
2020-02-27,66.08951568603516,69.10500967174747,65.95420576749399,67.92104419759342,320605600
2020-02-28,66.05084228515625,67.27105731603613,61.94562123770189,62.160671794936235,426510000
2020-03-02,72.20026397705078,72.83574153252567,67.1043725567105,68.2061865192792,341397200
2020-03-03,69.9072036743164,73.45426993984877,69.05667582944147,73.3745366413102,319475600
2020-03-04,73.14982604980469,73.30930003617219,70.82780458094045,71.62758575768213,219178400
2020-03-05,70.7770767211914,72.37905058025478,70.41221917601806,71.40529829391956,187572800
2020-03-06,69.83712768554688,70.26964007470336,67.9524487742093,68.13849804691934,226176800
2020-03-09,64.31358337402344,67.19376061426469,63.54762585590985,63.72884532127841,286744800
2020-03-10,68.94554138183594,69.21133137729244,65.08677501833562,66.96421319736713,285290000
2020-03-11,66.55101013183594,67.95002595285474,65.6884040253017,67.02460213571918,255598800
2020-03-12,59.978797912597656,65.23899494473845,59.92322498627828,61.841735279374994,418474000
2020-03-13,67.16474914550781,67.63592258199654,61.11926832671573,64.00428573904365,370732000
2020-03-16,58.52421951293945,62.60044418179931,57.99022457275424,58.46139441002403,322423600
2020-03-17,61.097530364990234,62.245249799692694,57.60361793460999,59.80483021639644,324056000
2020-03-18,59.601863861083984,60.406478598445545,57.29433564123959,57.93464652653443,300233600
2020-03-19,59.14518737792969,61.09269153777121,58.62085961850456,59.77583112302971,271857200
2020-03-20,55.39033126831055,60.84866031438535,55.09071377836536,59.72509749228031,401693200
2020-03-23,54.21360778808594,55.211524041383235,51.37208822817037,55.11004159498472,336752800
2020-03-24,59.6525993347168,59.84831571056435,56.61294527600062,57.1106940064076,287531200
2020-03-25,59.32399368286133,62.399890444761496,59.02920978154729,60.587696143364745,303602000
2020-03-26,62.445796966552734,62.50378482179249,59.526955709117544,59.5656167372231,252087200
2020-03-27,59.860408782958984,61.8248250722316,59.69368630258447,61.07095335601888,204216800
2020-03-30,61.568695068359375,61.740251079824446,60.26149806281595,60.585279571290975,167976400
2020-03-31,61.44305419921875,63.424386025978244,60.88973245903772,61.75958725464871,197002000
2020-04-01,58.21010971069336,60.097207829556126,57.7800158056968,59.560797914440066,176218400
2020-04-02,59.181427001953125,59.234584992288006,57.241171415485205,58.072365060446906,165934000
2020-04-03,58.3309211730957,59.36749487099752,57.741353268233574,58.6667810943843,129880000
2020-04-06,63.41956329345703,63.5742000668219,60.256680497705005,60.62394928655553,201820400
2020-04-07,62.68501281738281,65.64976767726971,62.58111543792132,65.43229844270063,202887200
2020-04-08,64.2894058227539,64.6035165473233,63.1199373363336,63.48478743589154,168895200
2020-04-09,64.7533187866211,65.25590475851683,63.95837493137018,64.92487847473,161834800
2020-04-13,66.0242919921875,66.13302662112467,64.23142416734326,64.83065918840516,131022800
2020-04-14,69.35871124267578,69.64866527052683,67.1840781553046,67.65525160710325,194994800
2020-04-15,68.72563934326172,69.18472698748576,67.80746405481365,68.23513915845088,131154400
2020-04-16,69.27174377441406,69.63660131632508,68.22308804264783,69.43846626880793,157125200
2020-04-17,68.33182525634766,69.33457898800233,66.89656632293641,68.78850190508753,215250000
2020-04-20,66.91345977783203,68.06118282102301,66.89413295001411,67.15992291899424,130015200
2020-04-21,64.84513854980469,66.99077762058634,64.1347578473476,66.75640021366904,180991600
2020-04-22,66.71290588378906,67.14782951135057,65.77056644151477,66.11125243793057,116862400
2020-04-23,66.45438385009766,68.07811050746528,66.41572281375096,66.65734876053877,124814400
2020-04-24,68.37288665771484,68.3825537591584,66.93037962499518,66.9787077583751,126161200
2020-04-27,68.42121887207031,68.7522452213369,67.64318307081028,68.09018514896542,117087600
2020-04-28,67.31214141845703,69.06392923095741,67.22032976851494,68.88270980207805,112004800
2020-04-29,69.52301788330078,69.991772685642,68.59517537860054,68.79814023520653,137280800
2020-04-30,70.98968505859375,71.16607461666706,69.67282835408629,70.06184250590752,183064000
2020-05-01,69.84680938720703,72.24615310349837,69.06877359729275,69.16542249456992,240616800
2020-05-04,70.83504486083984,70.96310628408554,69.18232470328076,69.8709599457229,133568000
2020-05-05,71.8982162475586,72.72941009570229,71.14917433658927,71.2941513796541,147751200
2020-05-06,72.6400146484375,73.27065487426464,72.21475059268822,72.59893499011841,142333600
2020-05-07,73.39144897460938,73.73697961793019,72.96377378346223,73.26580616038919,115215200
2020-05-08,75.13829040527344,75.19159229593362,73.72337622769179,74.05045567520663,133838400
2020-05-11,76.32061767578125,76.81486350373997,74.4380975285037,74.64646215282984,145946400
2020-05-12,75.44841003417969,77.45448798811958,75.32727004325628,77.00384337710936,162301200
2020-05-13,74.53743743896484,76.54836579208815,73.46171369194431,75.62769739388037,200622400
2020-05-14,74.99534606933594,75.0559160635201,73.05468108965971,73.77667808210235,158929200
2020-05-15,74.5519790649414,74.59801285788724,72.73487900802405,72.76880175811006,166348400
2020-05-18,76.30850982666016,76.68162311206635,75.18433442581173,75.8748339325949,135178400
2020-05-19,75.86756134033203,77.17102150533867,75.83606375790906,76.32546668705436,101729600
2020-05-20,77.34304809570312,77.41330397310716,76.68646396339064,76.72522965116472,111504800
2020-05-21,76.76642608642578,77.74523944094076,76.52898900422082,77.204952332668,102688800
2020-05-22,77.26069641113281,77.34307074910518,76.40302287819529,76.50477636883129,81803200
2020-05-26,76.73735046386719,78.5568683167511,76.68162339962899,78.37758347481825,125522000
2020-05-27,77.07168579101562,77.21705526702166,75.85544287582236,76.59440129810365,112945200
2020-05-28,77.1056137084961,78.36304756047794,76.47084126097369,76.74703662948228,133560800
2020-05-29,77.03047943115234,77.80819591494127,76.67432764803091,77.3478655392773,153532400
2020-06-01,77.97779846191406,78.098938429264,76.85361601588416,76.9844492508852,80791200
2020-06-02,78.33880615234375,78.36303562857958,77.27035057638682,77.71130190496551,87642800
2020-06-03,78.77007293701172,79.03173947926652,78.08684155798949,78.65862620653965,104491200
2020-06-04,78.0916748046875,78.89119567752222,77.71856161359257,78.5931960727843,87560400
2020-06-05,80.31582641601562,80.37639642085425,78.31217331772173,78.34124573703636,137250400
2020-06-08,80.79068756103516,80.82461031040765,79.30309219050388,80.01297082329648,95654400
2020-06-09,83.34188842773438,83.73438081455681,80.43937898287314,80.47087656345983,147712400
2020-06-10,85.48606872558594,85.95366732051313,83.85067883247099,84.28920501230608,166651600
2020-06-11,81.38185119628906,85.05481691401155,81.28009773597238,84.63082691049463,201662400
2020-06-12,82.08445739746094,84.26497730063338,80.97481830000675,83.51875818704126,200146000
2020-06-15,83.09961700439453,83.75135081292053,80.5774812512651,80.73981210877636,138808800
2020-06-16,85.30192565917969,85.57328542706455,83.51874869015089,85.1517132659384,165428800
2020-06-17,85.18321990966797,86.10630607045023,85.06207991592963,86.04573607358105,114406400
2020-06-18,85.21714782714844,85.6338697266432,84.60902265567091,85.13961645194037,96820400
2020-06-19,84.73015594482422,86.38735014117718,83.62293464807695,85.92217671437545,264476000
2020-06-22,86.947021484375,87.08996579558588,85.07661960868549,85.12265339969562,135445200
2020-06-23,88.80286407470703,90.22020316994305,87.77074918797572,88.18989613632456,212155600
2020-06-24,87.23532104492188,89.35042773903359,86.86220783951416,88.43218462838242,192623200
2020-06-25,88.39342498779297,88.4321906709593,86.63205223537432,87.39038973838228,137522400
2020-06-26,85.6774673461914,88.50972079929527,85.52967271907464,88.28924513838203,205256800
2020-06-29,87.65206146240234,87.74655421504602,85.10812136493809,85.5854132789762,130646000
2020-06-30,88.38372802734375,88.66962400453063,87.22078715611465,87.24016629998945,140223200
2020-07-01,88.21656799316406,89.00397799978875,88.16811642903573,88.46127316123845,110737200
2020-07-02,88.21656799316406,89.75747265090347,88.10270349025298,89.12270022857078,114041600
2020-07-06,90.57637023925781,91.04396881704737,89.61209327585406,89.64359085564888,118655600
2020-07-07,90.29533386230469,91.7320524889195,90.18388713248098,90.95433575857336,112424400
2020-07-08,92.3983154296875,92.42981301031341,91.18449035546323,91.27171499364255,117092000
2020-07-09,92.79566955566406,93.34321735378231,91.74901813164107,93.28991545550893,125642800
2020-07-10,92.95796966552734,93.01612188144966,91.7804926547122,92.39103546841665,90257200
2020-07-13,92.52913665771484,96.86837145256374,92.31592911855529,94.26143682269026,191649200
2020-07-14,94.06036376953125,94.25175963929699,90.97856198164641,91.91133403395911,170989200
2020-07-15,94.70723724365234,96.18272134953932,93.51037361994408,95.93317328027695,153198000
2020-07-16,93.5418701171875,94.39711809164639,92.94343831225127,93.58063579856042,110577600
2020-07-17,93.3529052734375,94.14758336972574,92.8804563206502,93.99252801605422,92186800
2020-07-20,95.32020568847656,95.45830704424495,93.09607736485056,93.44011817142827,90318000
2020-07-21,94.004638671875,96.18515864106797,93.75509057115264,96.110052433633,103433200
2020-07-22,94.26872253417969,94.94952872983103,93.61941392094188,93.70663117027293,89001600
2020-07-23,89.97793579101562,94.07973387894577,89.16872158432245,94.00220251459487,197004400
2020-07-24,89.75505828857422,90.09909918615199,86.39221027249204,88.17782031323753,185438800
2020-07-27,91.88226318359375,91.97433076494785,90.59333922603253,90.81623268150157,121214000
2020-07-28,90.37287139892578,91.63030527715343,90.36802106656002,91.45343820318753,103625600
2020-07-29,92.10515594482422,92.28929109136294,90.81864987240843,90.85499038980474,90329200
2020-07-30,93.21965026855469,93.32382888856975,90.87195660039106,91.27898520449537,158130000
2020-07-31,102.97868347167969,103.12889587437893,97.71151174507618,99.70790378289954,374336800
2020-08-03,105.5735092163086,108.19013023936542,104.56078059833798,104.85878026409463,308151200
2020-08-04,106.27855682373047,107.36881693797415,105.04050204922461,105.76249918664718,173071600
2020-08-05,106.66376495361328,106.98357631299436,105.53473931977294,105.99992015103618,121776800
2020-08-06,110.38517761230469,110.87943083941089,106.40694450020551,106.995683074286,202428800
2020-08-07,107.87548065185547,110.3633277579693,107.0793698741842,109.90701900604881,198045600
2020-08-10,109.4434585571289,110.46044277754098,106.79541676618443,109.31967059014084,212403600
2020-08-11,106.18860626220703,109.20557448641424,105.92889749318043,108.70800797992307,187902400
2020-08-12,109.71771240234375,109.97499163666492,107.08423344754698,107.27840393895296,165598000
2020-08-13,111.65945434570312,112.66187605488997,110.60848630688241,111.096349513322,210082000
2020-08-14,111.55992126464844,111.64972529333073,109.75167818563322,111.4846796510428,165565200
2020-08-17,111.2686767578125,112.70556367842538,110.64247058340116,112.68129051352851,119561600
2020-08-18,112.19586181640625,112.62061629597079,110.68616274132592,111.02111317320909,105633600
2020-08-19,112.3366470336914,113.74926101178805,112.24199130496142,112.6036370753279,145538000
2020-08-20,114.82933807373047,114.94341528440668,112.36090456064325,112.37789651709356,126907200
2020-08-21,120.74678039550781,121.22978455348972,115.7759366742478,115.78806955381434,338054800
2020-08-24,122.19091796875,125.03313705599179,120.32685470533741,124.94817728665664,345937600
2020-08-25,121.18851470947266,121.53317587987507,119.46765321039159,121.06473415847236,211495600
2020-08-26,122.83654022216797,123.29284897570295,121.43848913169968,122.50401940268071,163022400
2020-08-27,121.36812591552734,123.77102105443406,120.22492431150832,123.43850018201364,155552400
2020-08-28,121.1715316772461,122.75889449051752,120.94822892350749,122.3414212260646,187630000
2020-08-31,125.28070068359375,127.18360697027765,122.32927082637391,123.86324282555849,225702700
2020-09-01,130.27098083496094,130.87292869764627,126.72732074484928,128.8923509024096,151948100
2020-09-02,127.57193756103516,133.96024518458114,123.30012802751692,133.58160758872046,200119000
2020-09-03,117.35844421386719,125.08654753719104,116.98951728236517,123.21278063679146,257599600
2020-09-04,117.43610382080078,120.0962780604988,107.65947073062564,116.57203254505438,332607200
2020-09-08,109.53323364257812,115.52348229389389,109.39731283157245,110.63031087630355,231366600
2020-09-09,113.90214538574219,115.66912348309229,111.90216122256825,113.84389572106855,176940500
2020-09-10,110.18370819091797,116.98948882652327,109.22255180899475,116.85356802128679,182274400
2020-09-11,108.73712158203125,111.87302575822105,106.7953872680664,111.23224987919093,180860300
2020-09-14,111.99925231933594,112.55264638404466,109.51383440164483,111.37789783991316,140150100
2020-09-15,112.17401123046875,115.36816560750079,110.30023700342959,114.88273194668369,184642000
2020-09-16,108.86334991455078,112.62060910915572,108.7759754111815,111.87304453196484,154679000
2020-09-17,107.12550354003906,108.93131746592069,105.5429923714999,106.52357050283204,178011000
2020-09-18,103.72747039794922,107.64977561825025,102.99931984136902,107.183763410032,287104900
2020-09-21,106.87306213378906,106.97985811734019,100.09640588332402,101.49445700826324,195713800
2020-09-22,108.55265808105469,109.57207159281869,105.97986595474057,109.39731520243424,183055400
2020-09-23,103.99930572509766,108.84393137946276,103.65949625131259,108.36820848614498,150718700
2020-09-24,105.06725311279297,107.03811241012444,101.94105943821374,102.10610509006938,167743300
2020-09-25,109.00896453857422,109.16430684101944,104.53326629739041,105.27112741974788,149981400
2020-09-28,111.61090087890625,111.96041368995603,109.49440992627346,111.65944720543573,137672400
2020-09-29,110.76627349853516,111.95073307622444,110.26142563953769,111.21287908285363,99382200
2020-09-30,112.43612670898438,113.84388857632474,110.30993260341256,110.47497824771594,142675200
2020-10-01,113.38760375976562,114.2905107318788,112.45557195099242,114.21283956269843,116120400
2020-10-02,109.72743225097656,112.00897660747881,108.95074276136629,109.60122215328667,144712000
2020-10-05,113.10604858398438,113.25168017088336,110.24199280586862,110.5915056515741,106243800
2020-10-06,109.86334991455078,112.73711630408881,108.97985709448719,112.32934639868184,161498200
2020-10-07,111.7274169921875,112.18372583418271,110.80508856065056,111.2808188977388,96849000
2020-10-08,111.62063598632812,113.00897678679443,111.25170160129653,112.86334518255202,83477200
2020-10-09,113.56236267089844,113.59148750819554,111.5720815081163,111.92159436994272,100506900
2020-10-12,120.77588653564453,121.53316180020073,115.8050435838883,116.56231884844449,240226800
2020-10-13,117.572021484375,121.73704283997935,116.16426694681041,121.62053610441286,262330500
2020-10-14,117.65941619873047,119.44580856247916,116.13515475963598,117.4749490324475,150712000
2020-10-15,117.19339752197266,117.66912045188067,114.70797946369227,115.26137355970408,112559200
2020-10-16,115.55262756347656,118.0089281560019,115.34874631090426,117.74678982617324,115393800
2020-10-19,112.6011962890625,116.9118422011094,112.29051903948137,116.46524411778215,120639300
2020-10-20,114.08662414550781,115.51380033230909,112.26138879057609,112.81478288268985,124423700
2020-10-21,113.46525573730469,115.25164788351834,113.05748587164362,113.27107784719725,89946000
2020-10-22,112.37788391113281,114.60117079702067,111.2516743484804,114.02835526922215,101988000
2020-10-23,111.68858337402344,113.15459517987493,110.95072209723901,112.99925284491812,82572600
2020-10-26,111.69827270507812,113.1545734839859,109.59148528217365,110.68856994284661,111850700
2020-10-27,113.20313262939453,113.86332273009963,111.20314823922772,112.12546926784462,92276800
2020-10-28,107.96043395996094,112.06720563801413,107.86334871753533,111.69827875394513,143937800
2020-10-29,111.9604263305664,113.52352341003616,108.93131742851756,109.09637051307503,146129200
2020-10-30,105.6886215209961,108.72743369464578,104.58183332192213,107.82452675254544,190272600
2020-11-02,105.60122680664062,107.45558679697702,104.19347226654686,105.93132552110745,122866900
2020-11-03,107.22257995605469,108.24198610997585,105.56239787070092,106.4653046968192,107624400
2020-11-04,111.60118865966797,112.22254311397377,109.07693526315951,110.81478854874675,138235500
2020-11-05,115.56233978271484,116.1351553723964,113.46527015302647,114.51380126430563,126387100
2020-11-06,115.43104553222656,115.92703675245446,112.94133225108231,115.07120221763194,114457900
2020-11-09,113.12609100341797,118.6404026482955,112.86350791457443,117.19131707080311,154515300
2020-11-10,112.78573608398438,114.36124992222891,110.99625432436308,112.37727008295128,138023400
2020-11-11,116.2090835571289,116.3452388928094,113.24283383562194,113.97224059958567,112295000
2020-11-12,115.936767578125,117.22052312713384,115.31434109496367,116.33551348572685,103162300
2020-11-13,115.98538970947266,116.38412816982795,114.63355658842221,116.16044760960408,81581900
2020-11-16,116.99684143066406,117.66789057082231,114.90587400574458,115.65472831052979,91183000
2020-11-17,116.11180877685547,117.35666156399112,115.69361534806072,116.26741908520137,74271000
2020-11-18,114.78916931152344,116.53002096182686,114.75999422898965,115.35324564020682,76322100
2020-11-19,115.3824234008789,115.7908894056509,113.60266912591757,114.36125096903965,74113000
2020-11-20,114.11810302734375,115.50883872913519,114.06948036722605,115.38241090893905,73604300
2020-11-23,110.72393035888672,114.39041868660993,110.62667762078418,113.96249773506877,127959300
2020-11-24,112.00770568847656,112.66903481291116,109.49854453224738,110.78230761489361,113874200
2020-11-25,112.84407806396484,113.54430968345936,112.00769112066959,112.37726193090761,76499200
2020-11-27,113.3886947631836,114.26398425207363,113.02885888768483,113.36924718338975,46691300
2020-11-30,115.78115844726562,117.64843779643516,113.60265845332594,113.75826877571102,169410200
2020-12-01,119.35039520263672,120.07980194572332,116.71480639467286,117.68734871878834,127728200
2020-12-02,119.70050048828125,119.98253862781858,117.57063061172147,118.66960066999447,89004200
2020-12-03,119.56434631347656,120.38127824003541,118.85438720785504,120.1284151780445,78967600
2020-12-04,118.89328002929688,119.48653134532607,118.18332098194936,119.23366830409037,78260400
2020-12-07,120.35210418701172,121.14958854018184,118.89329080292673,118.95164096391939,86712000
2020-12-08,120.96481323242188,121.54834457068203,119.71023272701726,120.95509315138429,82225500
2020-12-09,118.43619537353516,122.49169482167979,117.67761359703715,121.11068659164964,115089200
2020-12-10,119.85612487792969,120.46883134674633,116.85097238388342,117.19136074438724,81312200
2020-12-11,119.04891967773438,119.38930803641776,117.23999020597732,119.06836726112641,86939800
2020-12-14,118.43619537353516,119.9630864267169,118.20278730843776,119.2336797308675,79184500
2020-12-15,124.36870574951172,124.3881607505194,120.72167215100104,120.92590514212858,157243700
2020-12-16,124.30062103271484,124.84524231148528,123.08494323552482,123.91161007354079,98208600
2020-12-17,125.16621398925781,126.02205611890447,124.52433239202283,125.36071951695374,94359800
2020-12-18,123.18222045898438,125.55522622218948,122.65704668745983,125.41907088363601,192541500
2020-12-21,124.70909118652344,124.78689634893868,120.06034032088816,121.5872313887212,121251600
2020-12-22,128.2588653564453,130.71939584455194,126.09008564573021,127.99627481697722,168904800
2020-12-23,127.3641586303711,128.79378229896713,127.18909328249408,128.53120653688052,88223700
2020-12-24,128.34640502929688,129.79549835924004,127.50029800003861,127.71425848740788,54930100
2020-12-28,132.93679809570312,133.56894460120503,129.8441061270866,130.31093707619408,124486200
2020-12-29,131.16677856445312,134.97914269594398,130.6513323196226,134.25947087325437,121047300
2020-12-30,130.04837036132812,132.25604575507535,129.7371496715403,131.85729981121693,96452100
2020-12-31,129.04664611816406,131.0403608931575,128.1032788564328,130.398479383972,99116600
2021-01-04,125.856689453125,129.9413637183322,123.27945114345249,129.85383848203446,143301900
2021-01-05,127.4127197265625,128.12268605812724,124.90355963208562,125.35093547334816,97664900
2021-01-06,123.1238784790039,127.45169703707407,122.90991794275145,124.21312874542082,155088000
2021-01-07,127.32522583007812,128.015737336711,124.34924900731144,124.8355201179548,109578200
2021-01-08,128.4241943359375,128.9882705657379,126.65416049347947,128.79375026318803,105158200
2021-01-11,125.4384765625,126.59580404195644,124.97166050719326,125.64271693409253,100384500
2021-01-12,125.26343536376953,126.1289973076945,123.376701166046,124.97166974271053,91951100
2021-01-13,127.2960433959961,127.84066463408008,124.96194813568883,125.22452383559776,88636800
2021-01-14,125.37042236328125,127.40303206132965,125.22453212496984,127.20852658339784,90221800
2021-01-15,123.64903259277344,126.64446478265978,123.51287725867944,125.24400143779671,111598500
2021-01-19,124.32008361816406,125.1759255883475,123.45452156734409,124.27145353534586,90757300
2021-01-20,128.40469360351562,128.8520693642957,125.0202522699733,125.12723246234611,104319500
2021-01-21,133.1118621826172,135.83498363825382,129.9219245699571,130.12616498605254,120150900
2021-01-22,135.25146484375,136.01004665089906,131.31266555904966,132.53806351525557,114459400
2021-01-25,138.99574279785156,141.10615779384105,132.79091821695442,139.14163304575837,157611700
2021-01-26,139.2291717529297,140.33786948106203,137.48831256904506,139.65709277779112,98390600
2021-01-27,138.1593475341797,140.3378474829839,136.55465878230473,139.49172564743122,140843800
2021-01-28,133.3258056640625,138.09127131319642,132.94651480242143,135.68909090953088,142621100
2021-01-29,128.336669921875,132.98542025799577,126.63472114242195,132.10040333112443,177523800
2021-02-01,130.45680236816406,131.66275996689077,127.3349355620146,130.0775115262782,106239800
2021-02-02,131.28350830078125,132.5672565949287,130.91393742770222,132.00318020332065,83305400
2021-02-03,130.26231384277344,132.0420679752551,129.9413731133275,132.0323330550851,89880900
2021-02-04,133.6175994873047,133.62731956895118,130.8944778045398,132.55753183488522,84183100
2021-02-05,133.20367431640625,133.84651517913278,132.32708394868678,133.77834319417587,75693800
2021-02-08,133.34974670410156,133.39844945852406,131.41149002924152,132.49262578464683,71297200
2021-02-09,132.47314453125,134.2945265238743,132.31731652057164,133.06728247906966,76774200
2021-02-10,131.86927795410156,133.4276770274743,130.90501685547775,132.9309297060643,73046600
2021-02-11,131.6160430908203,132.84327231685143,130.29140835043972,132.3660090757308,64280000
2021-02-12,131.84979248046875,132.0056353585524,130.21348684657468,130.8563275721737,60145100
2021-02-16,129.72650146484375,132.47316186052734,129.3368942321961,131.96669475107984,80576300
2021-02-17,127.43756866455078,128.781687221056,126.10319957479774,127.83691038959827,97918500
2021-02-18,126.33697509765625,126.61942728077476,124.09678225798234,125.8402278328021,96856700
2021-02-19,126.4927749633789,127.31094237587132,125.45060763733204,126.85316335933045,87668800
2021-02-22,122.72342681884766,126.34669108531578,122.33382715227125,124.68115232492676,103916400
2021-02-23,122.58709716796875,123.41499201171895,115.31134823227501,120.54170772135137,158273000
2021-02-24,122.09033966064453,122.29487783267318,119.05147832650884,121.69100535268275,111039900
2021-02-25,117.8437271118164,123.17148430278391,117.40543205845579,121.43777330096201,148199500
2021-02-26,118.10669708251953,121.60333738053185,118.04825229910983,119.40210545733144,164560400
2021-03-01,124.46688842773438,124.60324720609326,119.59691082635653,120.53194563410155,116307900
2021-03-02,121.86631774902344,125.37270000855568,121.75917765120198,125.07076378614747,102260900
2021-03-03,118.88590240478516,122.44098788620711,118.67162218049718,121.56439034639122,112966300
2021-03-04,117.00608825683594,120.38585416346811,115.53536025738819,118.58396379730593,178155000
2021-03-05,118.2625503540039,118.76903225470893,114.51266857773292,117.83399731994245,153766600
2021-03-08,113.3341293334961,117.85346835184752,113.1880285063647,117.78528895665244,154376600
2021-03-09,117.94112396240234,118.88590088596752,115.70093853482196,115.93469539878758,129525800
2021-03-10,116.85999298095703,118.99303824849771,116.34376908141869,118.52552453136408,111943300
2021-03-11,118.78850555419922,120.00600008566362,118.1067115889779,119.35342480023796,103026500
2021-03-12,117.88268280029297,118.01904158578925,116.06131583787986,117.2690682655597,88105100
2021-03-15,120.76570129394531,120.77544332973144,117.28853761790177,118.25279852383531,92403800
2021-03-16,122.30462646484375,123.91172068145192,121.47673169598399,122.43124321692929,115227900
2021-03-17,121.51567840576172,122.58707194968112,119.15860369194408,120.82414250531377,111932600
2021-03-18,117.39569091796875,119.97678079779097,117.19115272943903,119.68457913932171,121229700
2021-03-19,116.86974334716797,118.27229954970673,116.56780705450936,116.78208730000807,185549500
2021-03-22,120.1812973022461,120.64881838524362,117.13269423612276,117.20087361999786,111912300
2021-03-23,119.3534164428711,121.0092059173222,118.96381673388366,120.12287382459728,95467100
2021-03-24,116.96711730957031,119.70404974763237,116.94764066899515,119.62612832333967,88530500
2021-03-25,117.45411682128906,118.4962991670475,115.90546750304253,116.43142597838931,98844700
2021-03-26,118.0580062866211,118.32098926109825,115.82755546141085,117.22036947257719,94071200
2021-03-29,118.23331451416016,119.3923715504468,117.59048134086395,118.48655542775977,80819200
2021-03-30,116.78206634521484,117.26906411360106,115.76911009525196,116.98660451621751,85671900
2021-03-31,118.97354125976562,120.30791022058675,117.99954584614659,118.4865435529561,118323800
2021-04-01,119.80146789550781,120.95078308800542,119.3047280211155,120.44430860719166,75089100
2021-04-05,122.62605285644531,122.87929380413213,119.86964340519192,120.64884289146045,88651200
2021-04-06,122.92799377441406,123.82406801579717,122.38255857200649,123.21045341308864,80171300
2021-04-07,124.57402801513672,124.59350465582355,121.88579830959569,122.55785759372996,83466700
2021-04-08,126.97004699707031,126.9992656715053,125.17789894243262,125.59670985066151,88844600
2021-04-09,129.54139709472656,129.58035037412546,126.1031942856078,126.42461457311639,106686700
2021-04-12,127.82714080810547,129.39527374095013,127.23300311648138,129.0738535279088,91420000
2021-04-13,130.9342041015625,131.15823376064404,128.49921542278324,128.99596262492872,91266500
2021-04-14,128.59661865234375,131.48938634080065,128.2362450900617,131.43094899145666,87222800
2021-04-15,131.00242614746094,131.48942401418012,130.16478922222413,130.34011618248067,89347100
2021-04-16,130.67127990722656,131.1680124141945,129.81415884861858,130.80763872455088,84922400
2021-04-19,131.3335418701172,131.94716375459052,129.87254870669761,130.03812614844625,94264200
2021-04-20,129.64857482910156,132.00564275979164,128.38237738217003,131.50891027779352,94812300
2021-04-21,130.02841186523438,130.27191076385841,127.88562452974153,128.9180574819885,68847100
2021-04-22,128.50897216796875,130.66149395921403,127.99275572778816,129.58035833012048,84566500
2021-04-23,130.8271026611328,131.60628729046172,128.72326849315886,128.72326849315886,78657500
2021-04-26,131.21670532226562,131.54786030204147,130.08686671385888,131.32384544654548,66905100
2021-04-27,130.895263671875,131.88874331170373,130.62254610203854,131.49913616765673,66015800
2021-04-28,130.1063232421875,131.5088791677975,129.61932548257246,130.81733580986761,107760100
2021-04-29,130.00894165039062,133.50559750247544,129.00572727008065,132.92119413868548,151101000
2021-04-30,128.04148864746094,130.0868708182536,127.66163089702832,128.35315956120257,109839500
2021-05-03,129.0933380126953,130.5835645811877,128.40180963228673,128.6063403344398,75135100
2021-05-04,124.52533721923828,128.070688075214,123.40524078183631,127.77848641989287,137564700
2021-05-05,124.76882934570312,127.05770985077288,124.64220517501703,125.84021547722773,84000900
2021-05-06,126.3661880493164,126.37592265450229,123.82405163749547,124.56429033642047,78128300
2021-05-07,127.03937530517578,128.0637957522919,126.3271401858517,127.66379062246624,78973300
2021-05-10,123.76117706298828,126.38566999347752,123.72215017730588,126.25884564134007,88071200
2021-05-11,122.84410095214844,123.19532812082859,119.78055295740043,120.49278076667929,126142800
2021-05-12,119.78056335449219,121.60503177987839,119.27322856136661,120.39522770117908,112172300
2021-05-13,121.9269790649414,123.0782463378904,121.23426847309511,121.5464761686261,105861300
2021-05-14,124.34659576416016,124.7758841676664,122.7855571745272,123.17581868284023,81918000
2021-05-17,123.19532012939453,123.83925269137897,122.12210663637244,123.7319305977149,74244600
2021-05-18,121.8099136352539,123.8978042561465,121.74161842592076,123.47827441492306,63342900
2021-05-19,121.6537857055664,121.87818100914643,119.86834464183288,120.16104258276613,92612000
2021-05-20,124.20999145507812,124.61001150333645,122.05380598133526,122.1806452374261,76857100
2021-05-21,122.37577056884766,124.88319058200729,122.16112639405591,124.70757329750661,79295400
2021-05-24,124.0051040649414,124.82465387319235,122.87335402183648,122.94164921888921,63092900
2021-05-25,123.80999755859375,125.19542633961541,123.24411872152993,124.70759385237946,72009500
2021-05-26,123.76117706298828,124.28802885427459,123.34164734642422,123.86849913771053,56575900
2021-05-27,122.22941589355469,124.53195020806949,122.03428889481324,123.36117332838509,94625600
2021-05-28,121.57573699951172,122.736762785055,121.51720038633076,122.51236002849775,71311100
2021-06-01,121.25376892089844,122.29771402080185,120.92205152635813,122.03429182182089,67637100
2021-06-02,122.01478576660156,122.19040306312083,121.02938463288338,121.253779962891,59278900
2021-06-03,120.53181457519531,121.8099138277147,120.1317944601695,121.6440550967321,76229200
2021-06-04,122.8245620727539,123.08799170722506,120.83423543606743,121.04887959937938,75169300
2021-06-07,122.83434295654297,123.2441141916509,121.79039769931899,123.09776519522116,71057600
2021-06-08,123.65387725830078,125.33200387040455,123.13678395621102,123.51728685562117,74403800
2021-06-09,124.03437042236328,124.63927604647924,123.43922338156383,124.11242420165917,56877900
2021-06-10,123.03921508789062,125.06856875877892,122.87335638380547,123.92705266664278,71186400
2021-06-11,124.24900817871094,124.33682053678962,123.02944585374593,123.4489755912786,53522400
2021-06-14,127.30278778076172,127.36132438958391,123.97582567545629,124.70756306020407,96906500
2021-06-15,126.48326873779297,127.41989931286103,126.23935623136502,126.77596672295411,62746300
2021-06-16,126.98084259033203,127.7028289556805,125.33200658203938,127.19548678307785,91815000
2021-06-17,128.5808868408203,129.32239025268845,126.49299676283543,126.63935317228925,96721700
2021-06-18,127.28327178955078,128.30769210804172,127.06862765550436,127.52718422485502,108953300
2021-06-21,129.07847595214844,129.18579802932504,126.06372153950791,127.12717628510836,79663300
2021-06-22,130.7175750732422,130.8151460223462,128.4150406144124,128.91263161271146,74783600
2021-06-23,130.44442749023438,131.04934073165782,129.98587070972775,130.51273014944366,60214200
2021-06-24,130.1614532470703,131.36149842351492,129.69313058879897,131.1761225655203,68711000
2021-06-25,129.86878967285156,130.62979558487248,129.57609165578822,130.2102731739654,70783700
2021-06-28,131.49810791015625,131.9566646084623,130.1029355337376,130.1614721527149,62111300
2021-06-29,133.01040649414062,133.16651411426736,131.07862307860898,131.5176627338786,64556100
2021-06-30,133.62501525878906,134.06405473109936,132.5615455661884,132.85424351014055,63261400
2021-07-01,133.92752075195312,133.98605738795177,132.4542792721904,133.27383683789793,52485800
2021-07-02,136.552001953125,136.59102140885628,134.39580856478537,134.54215013282746,78852600
2021-07-06,138.5618133544922,139.66428770082487,136.65929888430668,136.65929888430668,108181800
2021-07-07,141.0496826171875,141.36188277615724,139.18618813915228,140.04474974174363,104911600
2021-07-08,139.75210571289062,140.55213093920304,137.24467816832617,138.13252320539087,105575500
2021-07-09,141.5765380859375,142.1033824089943,139.1764331121068,139.2740040435633,99890800
2021-07-12,140.98143005371094,142.75712026323748,140.49360503622404,142.64979816390084,76299700
2021-07-13,142.0936279296875,143.869317607253,140.1325773062874,140.5228312484694,100827100
2021-07-14,145.51820373535156,145.92798987044893,144.08399692422722,144.49378305932458,127050800
2021-07-15,144.864501953125,146.34749406137325,143.50834910364574,145.6060054508676,106820300
2021-07-16,142.82534790039062,146.1132823702432,142.3277719514199,144.84494976848657,93251400
2021-07-19,138.98135375976562,140.56191704499963,138.22034787278739,140.24970186714236,121434600
2021-07-20,142.59124755859375,143.518127007473,139.47893643261804,139.96676145319105,96350000
2021-07-21,141.85951232910156,142.57174758950413,141.10827250404336,141.98635160042446,74993500
2021-07-22,143.22543334960938,144.59133749363102,142.25953442025497,142.3863736933565,77338200
2021-07-23,144.9425506591797,145.09865822031367,143.34248537564744,143.95714959308972,71447400
2021-07-26,145.36209106445312,146.18163344756866,144.10349429509156,144.6596219111436,72434100
2021-07-27,143.19610595703125,145.57669352917853,142.0058121709576,145.48887374475188,104818600
2021-07-28,141.44970703125,143.39125553651849,139.0691190835095,141.283848347971,118931200
2021-07-29,142.0936279296875,142.98147276847027,141.0594415843949,141.16676365158,56699500
2021-07-30,142.3083038330078,142.76686050541852,140.60091640214495,140.86434605990442,70440600
2021-08-02,141.9766082763672,143.3717807887823,141.7131785780533,142.7961507964113,62880000
2021-08-03,143.77178955078125,144.43522442777342,141.64486473611035,142.25952902121162,64786600
2021-08-04,143.37173461914062,144.19127687526958,142.7180510419496,143.68394969989515,56368300
2021-08-05,143.47909545898438,144.2401013148973,142.61076750096896,143.40104166770632,46397700
2021-08-06,142.79507446289062,143.74287381363573,142.29675296375655,143.00027443873307,54126800
2021-08-09,142.74624633789062,143.34228507821692,142.18930041536296,142.8537292225246,48908700
2021-08-10,142.2675323486328,144.3292395430364,141.9743957271941,143.08830296102295,69023100
2021-08-11,142.52154541015625,143.3618622586966,142.19909668704307,142.7071990606952,48493500
2021-08-12,145.48214721679688,145.63848865290169,142.5019538202862,142.84394884807298,72282600
2021-08-13,145.6873779296875,146.01959236929383,144.87637333214747,145.56034862237908,59375000
2021-08-16,147.66110229492188,147.72950726446174,143.11753925492116,145.1401525423691,103296000
2021-08-17,146.75242614746094,148.20831321235303,145.67759718518755,146.7915040599331,92229700
2021-08-18,143.01007080078125,147.2702784625577,142.8048707810112,146.37133747643588,86326000
2021-08-19,143.34231567382812,144.61256415166383,141.19267243186096,141.71054055666755,86960300
2021-08-20,144.79820251464844,145.10110479232438,143.4204712746936,144.06536865206095,60549600
2021-08-23,146.283447265625,146.75245686116517,144.50509623031814,144.91548149010904,60131800
2021-08-24,146.19544982910156,147.40707372149436,145.73620613091066,146.02934262692168,48606400
2021-08-25,144.96429443359375,146.87943995254733,144.41711425947602,146.3811034364789,58991300
2021-08-26,144.16310119628906,145.7069399805224,144.13378902838653,144.95457445829595,48597200
2021-08-27,145.19883728027344,145.34539810446006,143.46934500714787,144.10446179134948,55802400
2021-08-30,149.61534118652344,149.97688265994054,145.2085727146907,145.58964568755835,90956700
2021-08-31,148.35487365722656,149.3026732146875,147.8272249811444,149.16587817080352,86453100
2021-09-01,149.019287109375,151.43275399237308,148.85317992388826,149.3319699829077,80313700
2021-09-02,150.13320922851562,151.17872592141705,148.91181958328025,150.34817499884036,71115500
2021-09-03,150.7683563232422,151.0908050119508,149.58604446464392,150.24070759279422,57808700
2021-09-07,153.1036376953125,153.66058362239795,150.8562777588282,151.4230043452141,82278300
2021-09-08,151.5597686767578,153.4455867564318,150.45562788655243,153.3869624506755,74420200
2021-09-09,150.54360961914062,152.53691096459315,150.4263460744376,151.93110647020356,57305700
2021-09-10,145.5603485107422,151.92134106933233,145.2965241455898,151.45233157203938,140893200
2021-09-13,146.12705993652344,147.95425407222461,145.34536758274155,147.18234237769772,102404300
2021-09-14,144.72979736328125,147.61228914708835,143.54750041568678,146.90876744705565,109296300
2021-09-15,145.61895751953125,146.0195769004921,143.01983678244974,145.15971382126716,83281300
2021-09-16,145.38442993164062,145.56031777444971,143.85037245648,145.04244981377065,68034100
2021-09-17,142.71693420410156,145.41377207009813,142.42379770872697,145.41377207009813,129868800
2021-09-20,139.66836547851562,141.52487196661303,138.0365905336095,140.50868223734292,123478900
2021-09-21,140.14712524414062,141.29035906389458,139.51200859720305,140.6356810985669,75834000
2021-09-22,142.51174926757812,143.0784609405733,140.4109501394529,141.14378392401113,76404300
2021-09-23,143.46934509277344,143.71362307292674,142.30657952171666,143.29345719409983,64838200
2021-09-24,143.5572509765625,144.09466540021555,142.2283784515029,142.32609558654582,53477900
2021-09-27,142.04273986816406,142.6192471706429,140.52822848156046,142.14045701354505,74150700
2021-09-28,138.66192626953125,141.43691994614318,138.44696050068399,139.97125238193445,108972300
2021-09-29,139.5608673095703,141.14378350850296,138.77917495976774,139.2091064976362,74602000
2021-09-30,138.26133728027344,141.07542439314534,138.0463714641766,140.37190261492736,89056700
2021-10-01,139.3849639892578,139.64878829633227,135.9259954801677,138.65213028813756,94639600
2021-10-04,135.955322265625,138.95506236159227,135.1052398519007,138.51535016597074,98322000
2021-10-05,137.88023376464844,138.9843747661612,136.17028827499877,136.29731756814027,80861100
2021-10-06,138.74984741210938,138.8964081885175,135.20292752763442,136.27775625309343,83221100
2021-10-07,140.0102996826172,140.91902112673358,139.45335388293273,139.78556821323843,61732700
2021-10-08,139.62925720214844,140.87995899645605,139.2970427994977,140.73339820397527,58773200
2021-10-11,139.5413055419922,141.49552874663496,138.5641939396708,139.01367183693614,64452200
2021-10-12,138.2710723876953,139.97125212650982,137.81182869231796,139.95170571768443,73035900
2021-10-13,137.68478393554688,138.1635590245904,136.013916723793,138.0072325170972,78762700
2021-10-14,140.46957397460938,140.58683751822448,138.27107262847971,138.8573456179309,69907100
2021-10-15,141.52488708496094,141.5835114147044,140.2253264406504,140.47938508226497,67940300
2021-10-18,143.19570922851562,143.4790650348245,139.883301471598,140.16665727790686,85589200
2021-10-19,145.35513305664062,145.75575243725564,143.1957245202807,143.64518755891186,76378900
2021-10-20,145.8437042236328,146.32249438069462,144.72979735027167,145.29652399244392,58418800
2021-10-21,146.0586700439453,146.21501151275598,144.48551942420278,145.40400691653662,61421000
2021-10-22,145.28677368164062,146.7426608994433,145.2379151037615,146.26388560104417,58883400
2021-10-25,145.23789978027344,145.95118723150932,144.24124155296286,145.27697769272697,50720600
2021-10-26,145.90235900878906,147.3875583918874,145.59944178965912,145.91212476055014,60893400
2021-10-27,145.44308471679688,146.30293288736218,145.09132390307514,145.94140632392705,56094900
2021-10-28,149.0779571533203,149.66421529809745,146.29318250961379,146.39089965518153,100077900
2021-10-29,146.37135314941406,146.5081482073945,143.0589446865979,143.85040287273776,124953200
2021-11-01,145.55059814453125,146.2736514231289,144.41714473918745,145.57991030936387,74588300
2021-11-02,146.58628845214844,148.10081443519022,145.2476354029817,145.25741606122364,69122000
2021-11-03,148.0226593017578,148.49166875101167,146.39088452432864,146.94783044977856,54511500
2021-11-04,147.50479125976562,148.94113176601576,147.192108353955,148.11059575284676,60394600
2021-11-05,148.033203125,148.9334561453401,146.83938576662882,148.6301118041856,65463900
2021-11-08,147.21124267578125,148.3169952703634,146.93725326087116,148.16042562432813,55020900
2021-11-09,147.57330322265625,148.17999196283563,146.83939977322487,146.97639448653322,56787900
2021-11-10,144.74526977539062,146.90784428839714,144.67677991250417,146.8002045627489,65187100
2021-11-11,144.69639587402344,146.22291262356347,144.51047128224292,145.7630135429795,41000000
2021-11-12,146.77088928222656,147.1720784304826,144.31474986015922,145.24435777936998,63804000
2021-11-15,146.78067016601562,148.62032601011296,146.22289645235986,147.14272437440852,59222800
2021-11-16,147.75918579101562,148.23867461686362,146.1348097014568,146.72193826652372,59256200
2021-11-17,150.19573974609375,151.67332612859514,147.7493957762777,147.75917577688946,88807000
2021-11-18,154.48179626464844,155.26462968629394,149.76525065573642,150.4110893484419,137827700
2021-11-19,157.104248046875,157.5641620110988,153.1705218782956,154.2664794451428,117305600
2021-11-22,157.56414794921875,162.14369731452808,157.54457301404287,158.20997149701574,117467900
2021-11-23,157.94578552246094,158.3274146566765,155.64621578340464,157.66200120676388,96041900
2021-11-24,158.46441650390625,158.66012108108276,156.2137765381209,157.29995411244806,69463600
2021-11-26,153.44451904296875,157.00639624695634,153.00417999336176,156.1452930856568,76959800
2021-11-29,156.8009033203125,157.73051124922804,155.38201155737082,155.9495652762871,88748200
2021-11-30,161.75230407714844,161.9675835913138,156.48776584559891,156.55627065978888,174048100
2021-12-01,161.23367309570312,166.6449857878265,160.99881865483053,163.88550209995378,152052500
2021-12-02,160.245361328125,160.6759203936693,154.41328379839803,155.3331118145511,136739200
2021-12-03,158.3665771484375,161.41962568459428,156.29208148681235,160.4997976289517,118023100
2021-12-06,161.77186584472656,164.27692006238982,160.75417823673777,160.76395823883925,107497000
2021-12-07,167.50608825683594,167.89751232351225,164.72704457429052,165.45116789916563,120405400
2021-12-08,171.32241821289062,172.18353634737676,167.03641741062992,168.4357343791699,116998900
2021-12-09,170.8135528564453,172.95655298827864,170.18728927314578,171.15604705270513,108923700
2021-12-10,175.5986328125,175.7747774084515,170.94079752796398,171.4496414446743,115402700
2021-12-13,171.96824645996094,178.22110269969062,171.76274694249355,177.2327699190323,153237000
2021-12-14,170.58851623535156,173.92533410356964,168.51402063695375,171.48876932392616,139380400
2021-12-15,175.4518280029297,175.6475325738547,168.611843504033,171.35175229088827,131063300
2021-12-16,168.56292724609375,177.25234826512832,167.0853404452438,175.4322672390144,150185800
2021-12-17,167.4669952392578,169.74699060527567,166.04811810419747,166.28295767169124,195432700
2021-12-20,166.10679626464844,166.91898445345717,163.8659512088188,164.66834446331637,107499100
2021-12-21,169.27725219726562,169.48273676499653,165.49030091905374,167.87793543850688,91185900
2021-12-22,171.87042236328125,172.0857019286085,168.45531919632216,169.3262174628531,92135300
2021-12-23,172.49664306640625,173.05441678226669,171.50832525865067,172.07587897729215,68356600
2021-12-27,176.45970153808594,176.54776634572997,173.26967407814607,173.28923408120028,74919600
2021-12-28,175.44203186035156,177.43825729141835,174.69834852343934,176.29336988152778,79144300
2021-12-29,175.53012084960938,176.75329313798875,174.3167285642682,175.48119097181373,62348900
2021-12-30,174.37539672851562,176.6945409857495,174.26775699563726,175.61814365696594,59773000
2021-12-31,173.75894165039062,175.3833028387427,173.45558242966288,174.2677704894889,64062300
2022-01-03,178.10366821289062,178.9550062933326,173.89596741451703,174.0133871781769,104487900
2022-01-04,175.8432159423828,179.01368336177322,175.2756623032222,178.7103390737201,99310400
2022-01-05,171.1658172607422,176.3031403228598,170.8918278919333,175.75516158524204,94537600
2022-01-06,168.30853271484375,171.5377110380755,167.95625844446747,168.993506315213,96904000
2022-01-07,168.47483825683594,170.40255876885018,167.3593058480161,169.1793866130696,86709100
2022-01-10,168.49441528320312,168.79775959259328,164.5606894006289,165.45116232460057,106765600
2022-01-11,171.32241821289062,171.42026304461638,167.1538521125257,168.62165897014336,76138300
2022-01-12,171.76272583007812,173.37730710526796,171.06797240622825,172.34005950483805,74805200
2022-01-13,168.49441528320312,172.82933029006384,168.10299122971512,172.0073621746904,84505800
2022-01-14,169.3555450439453,170.05029852382498,167.4180294399018,167.66266389110206,80440800
2022-01-18,166.1557159423828,168.83689986985863,165.77408681023036,167.82900716362772,90956700
2022-01-19,162.66233825683594,167.40825267441707,162.37856885772902,166.35143003303915,94815000
2022-01-20,160.979248046875,166.03828667936338,160.65632878123083,163.3962376065405,91420500
2022-01-21,158.92434692382812,162.76021377251277,158.81670715554318,160.89120276470334,122848900
2022-01-24,158.15126037597656,158.8166737850042,151.37978119467465,156.58560899416545,162294600
2022-01-25,156.35076904296875,159.26680751652682,153.65001008067688,155.56793581393717,115798400
2022-01-26,156.2626953125,160.86181974023197,154.43283450239605,159.99092174206848,108275300
2022-01-27,155.80279541015625,160.32363543352318,154.88296745549835,158.96346843901696,121954600
2022-01-28,166.67433166503906,166.69390660020625,159.30594382680772,162.15349217595866,179935700
2022-01-31,171.02883911132812,171.24411862639118,165.87194061535732,166.5079991576081,115541600
2022-02-01,170.8624725341797,171.0875320298687,168.61183278338754,170.27534392743365,86213900
2022-02-02,172.0660858154297,172.105235689561,169.6099612749151,170.9994831805343,84914300
2022-02-03,169.1891632080078,172.45749049022623,168.42590499267487,170.7352545735362,89418100
2022-02-04,168.90504455566406,170.5804825811808,167.22960653014735,168.20939100229583,82465400
2022-02-07,168.1898193359375,170.43351937589156,167.49416572772904,169.36555780513737,77251200
2022-02-08,171.2957305908203,171.80522273077705,167.96445422996524,168.2583925780297,74829200
2022-02-09,172.7164306640625,173.07894618735656,171.36432311182244,172.49108438879807,71285000
2022-02-10,168.6405029296875,171.93257943938036,168.08203354026793,170.6196718007765,90865900
2022-02-11,165.2309112548828,169.5811582426831,164.64303438343364,168.84631962853655,98670700
2022-02-14,165.4660186767578,166.15186486791518,163.19291135712115,163.98653444619794,86185500
2022-02-15,169.29698181152344,169.45375094241317,166.80833539753965,167.51378153621621,62527400
2022-02-16,169.0618438720703,169.8358671652493,166.61238225395954,168.37599760906474,61177400
2022-02-17,165.4660186767578,168.43476465088062,165.06430342539218,167.57254946752525,69589300
2022-02-18,163.91796875,167.0924613280084,162.83040723152354,166.3870301609273,82772700
2022-02-22,160.99819946289062,163.32028399061443,158.87205389872815,161.64484588368407,91162800
2022-02-23,156.8341064453125,162.79118283457873,156.5205682404435,162.19351371308113,90009200
2022-02-24,159.4501495361328,159.5579264390306,148.9272576589058,149.49553451506446,141147500
2022-02-25,161.51751708984375,161.78204820003634,157.6179631395797,160.52792495432507,91974200
2022-02-28,161.78199768066406,162.07593599497437,159.14637521454355,159.76364417956287,95056600
2022-03-01,159.9008331298828,163.23210951924372,158.69570233786408,161.37050993245586,83474400
2022-03-02,163.19293212890625,163.97676285442304,159.6559088746692,161.06680119053394,79724800
2022-03-03,162.8695831298828,165.49541352335572,162.203336805619,165.06430592514928,76678400
2022-03-04,159.87144470214844,162.20333673673338,158.82308299816066,161.16476749621853,83737200
2022-03-07,156.0796661376953,161.68403439715155,155.82491261205914,160.05758861933697,96418800
2022-03-08,154.25726318359375,159.58729287941838,152.65041731502816,155.60937048225745,131148300
2022-03-09,159.6558837890625,160.10659124427465,156.1874531828048,158.21559935544633,91454900
2022-03-10,155.31544494628906,157.14763719865718,152.82678391494153,156.9614757494235,105342000
2022-03-11,151.60205078125,156.06007322521145,151.37670453340775,155.71714267170483,96970100
2022-03-14,147.5751495361328,151.00439558659642,147.06567231572745,148.38837253642478,108732100
2022-03-15,151.95474243164062,152.42504965656914,147.33996678323365,147.84944385142342,92964300
2022-03-16,156.36383056640625,156.7655458657659,151.33754541830783,153.8751841039313,102300200
2022-03-17,157.37301635742188,157.74533933374323,154.44346962371964,155.40365445965918,75615400
2022-03-18,160.6650848388672,161.15497717032517,156.53039236533564,157.2652308625226,123511700
2022-03-21,162.03675842285156,162.98715054298916,159.71465909153343,160.20455132045697,95811400
2022-03-22,165.40724182128906,165.99510360566663,161.57628048257416,162.1641422669517,81532000
2022-03-23,166.76913452148438,169.15000379737148,164.2608735199057,164.5940116285297,98062700
2022-03-24,170.55108642578125,170.61966356312797,166.76911784992285,167.60192566241446,90131400
2022-03-25,171.1879425048828,171.73661941189775,169.2577659174967,170.3649271443604,80546200
2022-03-28,172.05018615722656,172.17754799227433,168.5229555265403,168.6895171187773,90371900
2022-03-29,175.3422393798828,175.39121664425457,172.7751938429614,173.11812439551318,100589400
2022-03-30,174.17630004882812,175.979099995584,173.12792342578476,174.94053078604693,92633200
2022-03-31,171.08016967773438,174.4310308254092,170.8744083575564,174.2448693810398,103049300
2022-04-01,170.78623962402344,171.34472398421482,168.46415506398156,170.5119011506989,78751300
2022-04-04,174.83277893066406,174.88177115423625,170.91364025013027,171.04101704135246,76468400
2022-04-05,171.5210723876953,174.6955795536943,170.8940109049415,173.9117489626708,73401800
2022-04-06,168.35638427734375,170.11999949152553,166.69075350018778,168.87566890286308,89058800
2022-04-07,168.6601104736328,169.85544881098227,166.41641045043957,167.69992580849703,77594700
2022-04-08,166.6515350341797,168.30737316185164,165.77952746373003,168.30737316185164,76575500
2022-04-11,162.3992462158203,165.61293749392965,162.1543001430966,165.29941429501065,72246700
2022-04-12,164.27069091796875,166.43600652884118,163.2713064320056,164.62341397476007,79265200
2022-04-13,166.95526123046875,167.5823226689275,163.39865390857594,164.00611547230426,70618900
2022-04-14,161.9485626220703,167.80768430539896,161.70361651341247,167.17081545269417,75329400
2022-04-18,161.73304748535156,163.23211669383912,160.2633706181813,160.60628625032533,69023900
2022-04-19,164.0159454345703,164.42746814637917,160.59650655333354,161.68406811950865,67723800
2022-04-20,163.84934997558594,165.46600329408383,162.74220370933205,165.34841899344127,67929800
2022-04-21,163.0557403564453,168.06243992326603,162.55605562621574,165.49540922825548,87227800
2022-04-22,158.51934814453125,164.4764404677371,158.2352171809879,163.09495550660975,84882400
2022-04-25,159.58731079101562,159.87144172970685,155.2566649146805,157.862880430984,96046400
2022-04-26,153.63021850585938,159.0582182667308,153.55183394880203,158.9700412464134,95623200
2022-04-27,153.40484619140625,156.5597381127117,152.2389003975014,152.7581849182673,88063200
2022-04-28,160.3319091796875,161.19412418503478,155.71711834920524,156.0306565149034,130216800
2022-04-29,154.46299743652344,162.84015665375182,154.07108967503086,158.56829627206238,131747600
2022-05-02,154.7667694091797,155.03130046543404,150.17157761678854,153.54203875876948,123055300
2022-05-03,156.2560272216797,157.46117291588328,153.15991957685017,154.95291204808,88966500
2022-05-04,162.66383361816406,163.1145261346623,156.04048055543203,156.44219580516028,108256500
2022-05-05,153.60084533691406,160.76306880958393,151.81763007952642,160.5377225238718,130525300
2022-05-06,154.32691955566406,156.44636712680793,151.2851189689877,153.0807608024048,116124600
2022-05-09,149.20494079589844,152.90416000742098,148.6456508199546,152.0210492953049,131577900
2022-05-10,151.6089324951172,153.79707304983472,150.05859659800515,152.59997843272657,115366700
2022-05-11,143.7493438720703,152.53129738037643,143.07229678522884,150.6179132038416,142689800
2022-05-12,139.88333129882812,143.45498708775622,136.19393338715008,140.08939498593494,182602000
2022-05-13,144.34786987304688,145.3192870677171,140.42297369266063,141.87518108716213,113990900
2022-05-16,142.80731201171875,144.75014600756265,141.47284698177492,142.8171338324465,86643800
2022-05-17,146.43788146972656,146.95792901438662,143.9259353445969,146.0650115425021,78336300
2022-05-18,138.1759796142578,144.59317839270622,137.27324030149254,144.09275951105042,109742900
2022-05-19,134.77113342285156,139.00020681352638,134.03521536260072,137.2536291483144,136095600
2022-05-20,135.00660705566406,138.05821430560903,130.12011571020568,136.47844306099526,137426100
2022-05-23,140.42298889160156,140.5701665253798,135.06549843768857,135.20286921997902,117726300
2022-05-24,137.724609375,139.3043807072169,134.75150167714628,138.1661572066265,104132700
2022-05-25,137.88162231445312,139.12776621000188,135.742545873108,135.8308524536192,92482700
2022-05-26,141.0803985595703,141.62988165478208,134.56507119637524,134.81037721904417,90601500
2022-05-27,146.8303680419922,146.869610416665,142.5326018592053,142.6601657784012,90978500
2022-05-31,146.04541015625,147.831245433681,144.0829617048982,146.27110250820675,103718400
2022-06-01,145.9178466796875,148.8909545900905,144.90717205322113,147.08549081541827,74286600
2022-06-02,148.37091064453125,148.42978169809749,144.10257959347064,145.05436821890447,72348100
2022-06-03,142.65037536621094,145.19174238635256,141.74765092180013,144.14182533230215,88570300
2022-06-06,143.39608764648438,145.78046996633253,142.17936438712687,144.2693764860653,71598400
2022-06-07,145.9178466796875,146.20239508903217,141.39440285018887,141.63970888221743,67808200
2022-06-08,145.1819305419922,147.0560572730291,144.69131847131706,145.79028471849585,53950200
2022-06-09,139.9618377685547,145.17213656291415,139.85390249341205,144.3184761873374,69473000
2022-06-10,134.5552520751953,138.117085018381,134.48655920841233,137.64610169004794,91437900
2022-06-13,129.40380859375,132.6614640522055,128.97206769596104,130.37521064148712,122207100
2022-06-14,130.26731872558594,131.37610685696256,129.01135295389076,130.63038185886012,84784300
2022-06-15,132.8871612548828,134.76130271815364,129.67856950370555,131.76856647591572,91533000
2022-06-16,127.61799621582031,129.9042500251396,126.61714350302216,129.60007296838003,108123900
2022-06-17,129.08981323242188,130.5812777450833,127.3726714161481,127.62779921111623,134520300
2022-06-21,133.31887817382812,134.48653693745408,130.81676936295835,130.91488276345638,81000500
2022-06-22,132.80865478515625,135.17339289715906,131.39569003815623,132.25915684954347,73409200
2022-06-23,135.67385864257812,135.9878425646897,133.0834276529192,134.25108671150673,72433800
2022-06-24,139.00022888183594,139.24553494086544,137.14571567446453,137.2732646440002,89116800
2022-06-27,139.00022888183594,140.79587103060723,138.3231817633475,140.02069549958952,70207900
2022-06-28,134.85943603515625,140.72715167094702,134.74169394010806,139.46137923230657,67083400
2022-06-29,136.6158447265625,138.0288100068747,134.1039131048046,134.8790886274478,66242400
2022-06-30,134.1529541015625,135.77196780465343,131.2583461315228,134.67300165333307,98964500
2022-07-01,136.32147216796875,136.42940742984914,133.11287978462988,133.48573480288584,71051600
2022-07-05,138.90211486816406,138.9511790795148,134.3590413928598,135.18328121558443,73353800
2022-07-06,140.23655700683594,141.41402301996357,138.4311081218874,138.69604284083624,74064300
2022-07-07,143.6021728515625,143.79841470419998,140.58980726193488,140.59961411426397,66253700
2022-07-08,144.27920532226562,144.77963926575595,142.27751446518533,142.53262737695925,64547800
2022-07-11,142.14991760253906,143.88668829327412,141.08038702449986,142.93489980535588,63141600
2022-07-12,143.12135314941406,145.66272006961017,142.32656399441228,143.02322474684678,77588800
2022-07-13,142.75828552246094,143.700252180436,139.4515504526769,140.30522551606126,71185600
2022-07-14,145.6823272705078,146.15331059436355,140.56033683517074,141.37475454509644,78140700
2022-07-15,147.35040283203125,148.0274497717396,145.41739039952375,146.96772607988603,76259900
2022-07-18,144.30865478515625,148.72416382298212,143.94559163866427,147.90974591488566,81420900
2022-07-19,148.16481018066406,148.39048748737392,144.15160798832517,145.1426387458673,82982400
2022-07-20,150.16653442382812,150.83377461851506,147.5466677906739,148.28258588894056,64823400
2022-07-21,152.4331512451172,152.64902171844827,149.0871738807754,151.59910487340264,65086600
2022-07-22,151.19680786132812,153.3456908921451,150.52958270466215,152.47240210045547,66675400
2022-07-25,150.07823181152344,152.1289867062053,149.42081342303993,151.11832702232695,53623900
2022-07-26,148.75355529785156,150.21556938623502,147.96857315136768,149.4011517193333,55138700
2022-07-27,153.84609985351562,154.37596918243503,149.30304304810883,149.7151553193297,78620700
2022-07-28,154.39561462402344,154.68016301876492,151.51081343985047,154.0325515340952,81378700
2022-07-29,159.45870971679688,160.5576907977121,156.5052308137223,158.21256599444197,101786900
2022-08-01,158.4774932861328,160.51844113720935,157.8691391572039,157.98688125382472,67829400
2022-08-02,157.00564575195312,159.36059231885778,156.63279081571793,157.09396729027588,59907000
2022-08-03,163.01077270507812,163.46212742924678,157.73178199101062,157.82008857109244,82507500
2022-08-04,162.69677734375,164.05087149041262,161.3426831970874,162.8930191834261,55474100
2022-08-05,162.4707489013672,162.96204234831043,160.16166370349944,160.3680135481735,56697000
2022-08-08,161.99911499023438,164.88792318870864,161.34078349494277,163.47299550022427,60276900
2022-08-09,162.04824829101562,162.93258559805665,160.40732977942574,161.16392597706255,63135500
2022-08-10,166.29306030273438,166.3913100252121,163.99379489901474,164.76021170255777,70170500
2022-08-11,165.55609130859375,168.0125588424397,165.26131220591463,167.09874512344325,57149200
2022-08-12,169.10324096679688,169.1720142653812,166.45024387983412,166.86294364369544,68039400
2022-08-15,170.17425537109375,170.37076978453467,168.36629877849532,168.53333677957454,54091700
2022-08-16,170.0170440673828,170.6852110892498,168.67090454328755,169.77139729331643,56377100
2022-08-17,171.51058959960938,173.08272003979997,169.56507124556938,169.76158567645695,79542000
2022-08-18,171.11753845214844,171.8544787813878,170.1054749327735,170.72450960712317,62290100
2022-08-19,168.5333251953125,170.71466951867444,168.3269753298755,170.0170261568602,70346300
2022-08-22,164.65213012695312,166.9022480242965,164.22960987091767,166.73521001384654,69026800
2022-08-23,164.31802368164062,165.7722632709113,163.74812140904885,164.17064162540487,54147100
2022-08-24,164.61280822753906,165.1827105189657,163.35509799580043,164.40647334198977,53841500
2022-08-25,167.0692901611328,167.17737534622174,165.41855096314578,165.841056236527,51218200
2022-08-26,160.77085876464844,168.0714870002958,160.7119059513814,167.5998495010736,78961000
2022-08-29,158.5699005126953,160.06342201093398,157.03706713692557,158.34389469961232,73314000
2022-08-30,156.14291381835938,159.7293506019625,154.97363281420544,159.3068453614504,77906200
2022-08-31,154.4823455810547,157.78383884788298,154.40373681361956,157.5185361319256,87991100
2022-09-01,155.20945739746094,155.66143904544523,151.97673759886456,153.91243529158203,74229900
2022-09-02,153.0968780517578,157.56765189981036,152.2715085702032,156.9682732301626,76957800
2022-09-06,151.83917236328125,154.35459275815265,151.0138028574181,153.7453935980758,73714800
2022-09-07,153.2443084716797,153.94193699739438,150.93522252185548,152.12415964759478,87449600
2022-09-08,151.77041625976562,153.63732582875608,150.0213973567108,151.94727474830393,84923800
2022-09-09,154.6297149658203,155.07189112050955,152.0553417641127,152.76280561990976,68028800
2022-09-12,160.5841522216797,161.399701058219,156.52607896597172,156.8110225386977,104956000
2022-09-13,151.16116333007812,157.74449248447965,150.6993462930314,157.11563747555653,122656600
2022-09-14,152.6055908203125,154.3644300184662,150.9351958505273,152.0946413613245,87965400
2022-09-15,149.71678161621094,152.5368165999088,148.74403004784534,151.9570788549336,90481100
2022-09-16,148.0758819580078,148.7145726076231,145.78645207689314,148.57701100499813,162278800
2022-09-19,151.79005432128906,151.86866309017464,146.50374580326707,146.71008070263835,81474200
2022-09-20,154.16787719726562,155.32733752502483,150.41440307013318,150.72882307884146,107689800
2022-09-21,151.0432891845703,155.97588059110078,150.92538353116046,154.60024966459952,101696800
2022-09-22,150.08033752441406,151.78020876552435,148.28220159016286,149.7266056194288,86652500
2022-09-23,147.81051635742188,148.832414964918,145.97308394822758,148.5572918766884,96029900
2022-09-26,148.14466857910156,151.0924300246352,147.03434030349507,147.0539962445305,93339400
2022-09-27,149.1173858642578,152.02584974992726,147.33890593458156,150.08033184270485,84442700
2022-09-28,147.23081970214844,148.01689223253555,142.317885128587,145.06913148839868,146691400
2022-09-29,139.99900817871094,144.16518295071455,138.23034837016746,143.55598373619551,128138200
2022-09-30,135.7935333251953,140.60821907927374,135.59701890511008,138.8199033723931,124925300
2022-10-03,139.9695281982422,140.57874239032802,135.29241903979042,135.8033685254817,114311700
2022-10-04,143.55596923828125,143.67387488258018,141.7479977315321,142.504593932989,87830100
2022-10-05,143.85073852539062,144.81368463210958,140.51976901629106,141.56132388640066,79471000
2022-10-06,142.8976287841797,144.97088807825529,142.69129389793306,143.27101666436323,68402200
2022-10-07,137.65060424804688,140.60820060654387,137.02174919053795,140.05793931227225,85925600
2022-10-10,137.97488403320312,139.41928832461434,136.15710682488464,137.97488403320312,74899000
2022-10-11,136.5599365234375,138.88867789955424,135.8131758038938,137.4639147607023,77033700
2022-10-12,135.93109130859375,137.91592138284778,135.75423283314072,136.70734348798558,70433700
2022-10-13,140.5001220703125,141.08966528093347,132.0302118420066,132.63942598399592,113224000
2022-10-14,135.9704132080078,142.00349764686453,135.78371925254498,141.79714775053986,88598000
2022-10-17,139.9302215576172,140.41167960335844,137.82748592791265,138.61355854500806,85250900
2022-10-18,141.2469024658203,144.14553155258784,138.1615794221166,142.95660950013638,99136600
2022-10-19,141.35496520996094,142.42598143245377,139.03605931008337,139.22275323737964,61758300
2022-10-20,140.89312744140625,143.34959455977452,140.1660077768585,140.5295751056751,64522000
2022-10-21,144.7056121826172,145.2755145225026,140.16604940438248,140.38221977444553,86548600
2022-10-24,146.8476104736328,147.61402706279983,143.45768863799606,144.6269694579804,75981900
2022-10-25,149.68731689453125,149.83471395703802,146.75921150175503,147.476495894735,74732300
2022-10-26,146.74935913085938,149.3433879403945,145.46215770101213,148.3313246354716,88194300
2022-10-27,142.2786102294922,146.45460526216635,141.6202786941001,145.49167413504986,109180200
2022-10-28,153.02810668945312,154.75745443354808,145.24601935139384,145.6193922207591,164762400
2022-10-31,150.66990661621094,151.55424402730603,149.27463469355658,150.49304812984573,97943200
2022-11-01,148.02674865722656,152.7431699919974,146.5332269791364,152.37961754304112,80379300
2022-11-02,142.50460815429688,149.5202795588878,142.47513174028055,146.35634784769096,93604600
2022-11-03,136.4617156982422,140.31345573900342,136.33397456392473,139.5863358104831,97918500
2022-11-04,136.1959686279297,140.4182534262788,132.25910018387182,139.84740569973505,140814800
2022-11-07,136.72744750976562,136.95381325392813,133.52874170596672,134.94601683421618,83374600
2022-11-08,137.29827880859375,139.19781051108808,135.32000793975288,138.19391993058036,89908500
2022-11-09,132.74134826660156,136.36327480735815,132.46576869499577,136.31406095143706,74917800
2022-11-10,144.5519561767578,144.5519561767578,137.2982811810409,139.0108242882595,118854000
2022-11-11,147.33726501464844,147.64236984681628,142.09138720356083,143.51851370440974,93979700
2022-11-14,145.939697265625,147.90813128864986,145.10310679865555,146.61880940644215,73374100
2022-11-15,147.6719207763672,151.16589433590542,146.2152837355369,149.81752177217496,89868300
2022-11-16,146.441650390625,147.50460662223392,144.96532479416157,146.77629560614008,64218300
2022-11-17,148.34121704101562,149.08921670380388,143.84333724490105,144.11891685845265,80389400
2022-11-18,148.90219116210938,150.2899408094876,147.60303246304494,149.9060967599958,74829600
2022-11-21,145.67393493652344,147.9966873729924,145.3885186493538,147.79001023834212,58724100
2022-11-22,147.8096923828125,148.04590985414606,144.6109873377189,145.79205967642807,51804100
2022-11-23,148.6856689453125,149.43366845656658,146.98296272757275,147.09122719796105,58301400
2022-11-25,145.7723846435547,146.5302359602774,144.79800437919693,145.96922504559745,35195900
2022-11-28,141.9438018798828,144.32560563619245,141.1170630589414,142.84927987681326,69246000
2022-11-29,138.94192504882812,142.52447466230237,138.13487484288268,142.01267756953146,83763800
2022-11-30,145.6936492919922,146.37276146207836,138.33170993361605,139.16828541868128,111380900
2022-12-01,145.96922302246094,146.7762881829984,144.29605710134743,145.87081033178356,71250400
2022-12-02,145.47714233398438,145.66414600537883,143.351229571757,143.65634951969474,65447400
2022-12-05,144.31576538085938,148.5380503426706,143.46933803189978,145.43777233013495,68826400
2022-12-06,140.65447998046875,144.9751927748334,139.68009957146649,144.74882702977874,64727200
2022-12-07,138.71556091308594,141.10720126498546,137.79039443330282,139.9458322919547,69721100
2022-12-08,140.39852905273438,141.25480793302907,138.8730049343077,140.11311277127444,62128300
2022-12-09,139.9163055419922,143.2724894333561,138.6761823933455,140.09345741010685,76097000
2022-12-12,142.20953369140625,142.21937045590607,138.8336612407948,140.44777667846864,70462700
2022-12-13,143.17405700683594,147.60303377953338,141.9634742273276,147.1404505596148,93886200
2022-12-14,140.94973754882812,144.34528354143862,138.93208948952125,143.05596154285573,82291200
2022-12-15,134.34561157226562,139.5619643292127,133.88302841156911,138.88285224146853,98931900
2022-12-16,132.38699340820312,135.47743349054232,131.61930552276547,134.53259379367577,160156900
2022-12-19,130.28082275390625,133.06615916355452,129.24740673369394,132.97758322204413,79592600
2022-12-20,130.21192932128906,131.146932591331,127.8399624333377,129.31628812854967,77432800
2022-12-21,133.31222534179688,134.65076142091874,130.6548417338536,130.8812074994361,85928000
2022-12-22,130.14300537109375,132.4362327068824,128.24347383297044,132.2295555538223,77852100
2022-12-23,129.7788543701172,130.33001348787815,127.59389142616514,128.8536879861786,63814900
2022-12-27,127.97774505615234,129.33596942535033,126.68842309082302,129.30644411453827,69007800
2022-12-28,124.05071258544922,128.96195335269854,123.88339749624971,127.62341762114275,85438400
2022-12-29,127.5643539428711,128.4206178463882,125.71402886056813,125.96991984997511,75703700
2022-12-30,127.8792953491211,127.8989838922634,125.41876059384748,126.38329646538533,77034200
2023-01-03,123.09603118896484,128.83401111884518,122.21023430585915,128.2238013285794,112117500
2023-01-04,124.36566162109375,126.62936374107429,123.10586505340991,124.88729543343348,89113600
2023-01-05,123.04679870605469,125.7533952948206,122.79090770776376,125.12349705306252,80962700
2023-01-06,127.57422637939453,128.23365008945973,122.91888331158243,124.02120925912487,87754700
2023-01-09,128.09585571289062,131.30441322455866,127.83996466106093,128.4108124086458,70790800
2023-01-10,128.66668701171875,129.18832083166095,126.09787998496417,128.20410381019116,63896200
2023-01-11,131.38314819335938,131.402821722743,128.40097153395064,129.17849644752224,69458900
2023-01-12,131.3043975830078,132.14097304777255,129.36548883237654,131.76698078856714,71379600
2023-01-13,132.633056640625,132.7905349401524,129.5819934315568,129.9461488585014,57809700
2023-01-17,133.7944793701172,135.12316348796887,132.01304876349633,132.70199775252627,63646600
2023-01-18,133.07595825195312,136.42228931739672,132.89879142112386,134.66054787823845,69672800
2023-01-19,133.13502502441406,134.09955338686564,131.65869966602656,131.96380450388668,58280400
2023-01-20,135.69398498535156,135.84162653742413,132.1015991542997,133.14486670992753,80223600
2023-01-23,138.88287353515625,141.0579999020067,135.72353008280908,135.94005904305521,81760300
2023-01-24,140.28045654296875,140.90051809732327,138.0856567013407,138.0954934654877,66435100
2023-01-25,139.62103271484375,140.18202862963406,136.61916767862735,138.6663409653264,65799300
2023-01-26,141.6879119873047,141.97332836189656,139.6604119793185,140.91037200424128,54105100
2023-01-27,143.6267852783203,144.9062704324847,140.82177572822627,140.90051489349364,70555800
2023-01-30,140.74302673339844,143.2527830109075,140.59540019505755,142.67209860282117,64015300
2023-01-31,142.01266479492188,142.06187864867766,140.03439402480078,140.4477633640219,65874500
2023-02-01,143.13467407226562,144.29605796571016,139.08955653554688,141.69772563249788,77663600
2023-02-02,148.43959045410156,148.79389409791816,145.83140682722515,146.54988091267057,118339000
2023-02-03,152.0615234375,154.8960731461596,145.4967979818679,145.69363837431163,154357300
2023-02-06,149.3352508544922,150.6836384438328,148.40024764766747,150.1620046015634,69858300
2023-02-07,152.2091522216797,152.77999988075524,148.2624474794368,148.2624474794368,83322600
2023-02-08,149.5222625732422,152.14028370808583,148.7840997356859,151.45133472995892,64120100
2023-02-09,148.48880004882812,151.89419715713953,148.04590544398496,151.3528748543498,56007100
2023-02-10,148.8535614013672,149.17885078358248,147.08912934244577,147.32570754066396,57450700
2023-02-13,151.65298461914062,152.0571182724141,148.7648180243575,148.79438841262413,62199000
2023-02-14,151.01226806640625,151.5741355635304,148.7056873791277,149.9476888936107,61707600
2023-02-15,153.1118621826172,153.279432747917,150.696851620169,150.923562968411,65573800
2023-02-16,151.51498413085938,154.09756497312395,151.16012443154224,151.3178281549916,68167900
2023-02-17,150.3715362548828,150.8151070910907,148.69581585093724,150.17439533222245,59144100
2023-02-21,146.35968017578125,149.1394173925265,146.29068760704538,148.05511953332274,58867200
2023-02-22,146.78353881835938,147.8086807909047,145.0585291708209,146.74410160351695,51011300
2023-02-23,147.2665557861328,148.19313495368198,145.13741210681397,147.94670496405263,48394200
2023-02-24,144.61497497558594,145.08811632211885,143.63910684752537,145.00925692421464,55469600
2023-02-27,145.80767822265625,147.03982803359767,145.344388690471,145.6006854773172,44998500
2023-02-28,145.304931640625,146.9510815880518,144.7332124606566,144.95007197860627,50547000
2023-03-01,143.23495483398438,145.12753521820275,142.93923585875515,144.7332532784917,55479000
2023-03-02,143.82638549804688,144.6149643784106,141.8450789930105,142.31823534576338,52238100
2023-03-03,148.8732452392578,148.95210462024477,145.2260853537234,145.9259379185379,70732300
2023-03-06,151.63328552246094,154.0680147422593,151.26857399298945,151.59384830577196,87558000
2023-03-07,149.4351348876953,151.83042689733767,148.97184535612897,151.50513754277677,56182000
2023-03-08,150.68698120117188,151.278419098267,149.66183922588297,150.62784041964048,47204800
2023-03-09,148.4395294189453,152.33311931510104,148.08466971716794,151.36711819838627,53833600
2023-03-10,146.37936401367188,148.7845223003039,145.50207415084836,148.06495118697146,68572400
2023-03-13,148.32122802734375,150.95309752980933,145.59078054944564,145.69921030606648,84457100
2023-03-14,150.41099548339844,151.20942619347872,147.95656256587642,149.11970482478546,73695900
2023-03-15,150.8052978515625,151.06157961922946,147.7791304398882,149.03099896531148,77167900
2023-03-16,153.62445068359375,154.22574041738864,149.47456333381393,149.98714188743216,76161100
2023-03-17,152.78656005859375,154.50171782493953,152.07684064085686,153.8511391851991,98944600
2023-03-20,155.15225219726562,155.56626764703077,151.9486636382169,152.85553886629725,73641400
2023-03-21,157.0054473876953,157.1237289497417,154.3045697408097,155.07344501678244,73938300
2023-03-22,155.57618713378906,159.82463786522675,155.55646852262672,157.02519671590775,75701800
2023-03-23,156.6604461669922,159.24304236266408,155.428296373163,156.56188320802048,67622100
2023-03-24,157.96156311035156,158.0502742629719,155.59584212848588,156.5914134921843,59196500
2023-03-27,156.0197296142578,158.47417734472043,155.61558088418133,157.6560281012329,52390300
2023-03-28,155.39869689941406,156.22671283698608,153.75254688783264,155.71413440722972,45992200
2023-03-29,158.47415161132812,158.7501519087846,157.0744315196879,157.09413508315754,51305700
2023-03-30,160.0414276123047,160.14985736503138,158.96699690675885,159.2232785764371,49501700
2023-03-31,162.54518127441406,162.64375926608275,159.59788883873148,160.120319104618,68749800
2023-04-03,163.79705810546875,163.91533966892132,161.87490749491164,161.92419649331373,56976200
2023-04-04,163.26473999023438,164.45745226747852,162.7521615936014,164.22088919279193,46278300
2023-04-05,161.42144775390625,162.69303455117807,159.489445623491,162.38746386000238,51511700
2023-04-06,162.3086395263672,162.60435849941234,159.6866210280676,160.11047335808198,45390100
2023-04-10,159.7161865234375,159.7161865234375,157.79403581892626,159.11489681167845,47716900
2023-04-11,158.50375366210938,160.0414742096721,158.21788648492154,160.03162242596915,47644200
2023-04-12,157.81375122070312,159.74575366976245,157.49831365463328,158.9177526201656,50133100
2023-04-13,163.19577026367188,163.43234843413578,159.11489082873655,159.3218986080038,68445600
2023-04-14,162.85073852539062,163.94488786146843,161.48058891002177,162.2395821576286,49386500
2023-04-17,162.87049865722656,163.0282174547124,161.6876377578676,162.73249846964956,41516200
2023-04-18,164.09275817871094,165.019337094876,163.28446081239204,163.72804670609275,49923000
2023-04-19,165.2362060546875,165.7586363174907,163.17604035173306,163.43233711220313,47720200
2023-04-20,164.2702178955078,165.47279739564374,163.19578679746758,163.71821714939145,52456400
2023-04-21,162.66348266601562,164.07305473489896,162.14105238473394,162.69305305620966,58337300
2023-04-24,162.96905517578125,163.23520373133107,161.54961626736943,162.643765839196,41949600
2023-04-25,161.4313201904297,163.93504162144998,161.3918829793584,162.83104036567903,48714100
2023-04-26,161.42144775390625,162.91974586384254,160.47516529354857,160.73144699304368,45498800
2023-04-27,166.00503540039062,166.15288731865132,162.83101720070817,162.83101720070817,64902300
2023-04-28,167.25697326660156,167.42455891349553,165.48268918383386,166.08397902460564,55275900
2023-05-01,167.16818237304688,168.01590182570695,166.23175176672046,166.86261170538234,52472900
2023-05-02,166.13319396972656,167.91735928630777,165.14747425578494,167.6610625345139,48425700
2023-05-03,165.05877685546875,168.47922575134587,164.77292473257992,167.07950544573387,65136000
2023-05-04,163.4224853515625,164.6546351492701,161.9636242025262,162.53534351356944,81235400
2023-05-05,171.0913848876953,171.8109560965244,168.32149974515366,168.5383592942621,113453200
2023-05-08,171.0223846435547,171.36739258858663,169.65223472844943,170.0169462399646,55962800
2023-05-09,169.31712341308594,171.06183693007648,169.14955282313792,170.5788437710772,45326900
2023-05-10,171.0814971923828,171.5447866234223,169.44519899087683,170.54921520825656,53724500
2023-05-11,171.268798828125,172.09679977091955,169.71135988855104,171.3673768150292,49514700
2023-05-12,170.34097290039062,171.81171738299747,168.79124488441096,171.3773983196224,45533100
2023-05-15,169.84738159179688,170.97265562623798,169.25512575822094,170.92329846315806,37266700
2023-05-16,169.84738159179688,170.9035525855878,169.58086496051854,169.7684131432073,42110300
2023-05-17,170.45941162109375,170.69630196545663,168.21872838992437,169.4920742376562,57951600
2023-05-18,172.7888946533203,172.97644284674885,170.350798262134,170.7653713447007,65496700
2023-05-19,172.89747619628906,174.11158416944232,172.68031671339108,174.11158416944232,55809500
2023-05-22,171.94989013671875,172.45331220735133,171.2095777379714,171.73273062815065,43570900
2023-05-23,169.34402465820312,171.14052366482818,169.06764251282962,170.89375281633775,50747300
2023-05-24,169.620361328125,170.19287135053577,168.3174194294986,168.88004898113246,45143500
2023-05-25,170.75552368164062,171.65375792303627,169.47231254318322,170.18301363335365,56058300
2023-05-26,173.1640167236328,173.49963649375093,170.873991291327,171.08128541223243,54835000
2023-05-30,175.0098114013672,176.67798400964412,174.28924505956562,174.67420681057638,55964400
2023-05-31,174.96051025390625,177.03339115324283,174.47683402760893,175.03947872320146,99625300
2023-06-01,177.76380920410156,177.79342049505456,174.64462268903534,175.40468096744894,68901800
2023-06-02,178.61270141601562,179.43198227661338,176.94452840385708,178.69166987914852,61996900
2023-06-05,177.2604217529297,182.5610542820425,175.7403050283916,180.27102884609,121946500
2023-06-06,176.89520263671875,177.79343698174293,175.13818052764557,177.64538051324874,64848400
2023-06-07,175.52313232421875,178.8693435880805,175.0295907510138,176.13511905525095,61944600
2023-06-08,178.2375946044922,178.5040961851235,175.16776569867469,175.60206959137867,50214900
2023-06-09,178.62255859375,179.87614324556046,178.29681937394096,179.15557682326966,48900000
2023-06-12,181.416015625,181.51472997018058,178.63244881890137,178.92857679274874,54274900
2023-06-13,180.94224548339844,181.77139187803073,180.08348779336475,180.43883839987808,54929100
2023-06-14,181.57394409179688,182.00826309164242,179.668880824476,181.00143405215442,57462900
2023-06-15,183.6073455810547,184.11076766616947,181.4061542027307,181.5838370156226,65433200
2023-06-16,182.5314178466797,184.57468723659963,181.88981981135748,184.31803597311566,101256200
2023-06-20,182.62025451660156,183.69618663444365,182.02801364300083,182.02801364300083,49799100
2023-06-21,181.58383178710938,183.015099412311,180.23151756348105,182.51167734169172,49515700
2023-06-22,184.5845489501953,184.63390612000734,181.29756025506936,181.3666633051449,51245300
2023-06-23,184.2686767578125,185.13731475683954,182.6202496908907,183.15328303090953,53117000
2023-06-26,182.8769073486328,185.6209974197008,182.83741558637178,184.4167547195407,48088700
2023-06-27,185.630859375,185.9565986299679,183.27173119056016,183.48889069387212,50730800
2023-06-28,186.80548095703125,187.4470789620611,185.17679982937508,185.5025240055518,51216800
2023-06-29,187.14109802246094,187.61490879718235,186.49949997485513,186.63769101872532,46347300
2023-06-30,191.46450805664062,191.96791501002735,188.78950625721086,189.15473724224137,85213200
2023-07-03,189.97402954101562,191.37568580561538,189.28305928715224,191.27697146600818,31458200
2023-07-05,188.858642578125,190.48732393792235,188.15780683402295,189.09554798353173,46920300
2023-07-06,189.3324432373047,189.53973735512338,186.7561552507634,187.38788795320247,45094300
2023-07-07,188.217041015625,190.1813422528557,187.7827370048323,188.93762268666168,46815000
2023-07-10,186.1737518310547,187.53593138541007,184.62402407003376,186.8153498480431,59922200
2023-07-11,185.65061950683594,186.85486227702734,184.18974051380027,186.71667122446578,46638100
2023-07-12,187.3187713623047,189.22383458950753,186.0355602702456,187.22992243297554,60750200
2023-07-13,188.07882690429688,188.72044002337208,187.32864909209994,188.03935020331573,41342300
2023-07-14,188.22689819335938,188.71055932283986,187.18059240914323,187.77283329330808,41616200
2023-07-17,191.48426818847656,191.81000743962883,189.33241906132668,189.421252931179,50520200
2023-07-18,191.2276153564453,191.81987127398517,189.93453883356673,190.85253399958415,48288200
2023-07-19,192.57992553710938,195.6694855056854,190.1615598085878,190.60575926840173,80507300
2023-07-20,190.63536071777344,193.93221460154035,190.0134935554866,192.57003512669965,59581200
2023-07-21,189.4607391357422,192.4515998266043,188.75990348350925,191.59284231983003,71951700
2023-07-24,190.26028442382812,192.3923877240068,189.76674282999198,190.9117629424984,45377800
2023-07-25,191.11904907226562,191.92846454581797,190.42809382758358,190.83280156435973,37283200
2023-07-26,191.98765563964844,193.11292972833346,190.82290485561143,191.1683748904412,47471900
2023-07-27,190.72421264648438,194.65279947329122,190.06286872536143,193.48804855415668,47460200
2023-07-28,193.30050659179688,194.09017617119656,191.63233355900982,192.15548645475204,48291400
2023-07-31,193.91250610351562,193.9519978690126,192.73787459795656,193.52754422924545,38824100
2023-08-01,193.0833740234375,194.1889025518439,192.7576347116685,193.7052413515144,35175100
2023-08-02,190.0924835205078,192.65889079076135,189.37191700535638,192.52069974591456,50389300
2023-08-03,188.70071411132812,189.8852110681393,188.22691834094286,189.09555647139584,61235200
2023-08-04,179.63926696777344,184.9596445164711,179.57016391801557,183.12366926443607,115956800
2023-08-07,176.53982543945312,180.76454006954836,175.05920073091434,179.7774569305225,97576100
2023-08-08,177.4775390625,177.9414693105031,175.2862134413724,177.36895932229305,67823000
2023-08-09,175.8883819580078,178.59298065772126,174.7236157900662,178.53375806746422,60378500
2023-08-10,175.6711883544922,178.41527829006225,175.30597241092943,177.1616784798233,54686900
2023-08-11,175.73049926757812,176.5508864753638,174.5048729038775,175.2659575562626,52036700
2023-08-14,177.3811492919922,177.60848075837384,175.2560457553654,175.90840396188517,43675600
2023-08-15,175.39443969726562,177.40092323969566,174.99907927707545,176.8078826094104,43622600
2023-08-16,174.5246124267578,176.4717779827851,174.45541607052797,175.07812294847426,46964900
2023-08-17,171.9844207763672,175.4537562487029,171.47044012349116,175.08804707675128,66062900
2023-08-18,172.46873474121094,173.07166917955516,169.96804315644715,170.30410101859755,61172200
2023-08-21,173.8031005859375,174.08974972921308,171.7274356199635,173.04203097276417,46311900
2023-08-22,175.17697143554688,175.62175563939851,174.2083279343983,175.00894251773767,42038900
2023-08-23,179.0219268798828,179.44695366375947,176.264252478764,176.45205395893973,52722800
2023-08-24,174.33685302734375,179.00217866700072,173.9711287799832,178.57715186115848,54945800
2023-08-25,176.54100036621094,177.07473842454561,173.78332608108835,175.3252527852027,51449600
2023-08-28,178.1027069091797,178.49806733287568,176.48170504077262,178.003859262239,43820700
2023-08-29,181.98716735839844,182.75813070921157,177.4206898063463,177.61837000977968,53003900
2023-08-30,185.4762725830078,185.67396786591692,182.5999932338842,182.79767343476072,60813900
2023-08-31,185.69375610351562,186.92927641629686,185.3082743692093,185.6641048225717,60794500
2023-09-01,187.26535034179688,187.7200133732383,186.09901131803056,187.29500162288934,45766500
2023-09-05,187.50253295898438,187.77928826308653,185.4367469097816,186.09898389331408,45280000
2023-09-06,180.79119873046875,186.66239298088038,179.3678770840619,186.21759365485326,81755800
2023-09-07,175.503173828125,176.1456533918577,171.52973657694065,173.15073850258275,112488800
2023-09-08,176.11595153808594,178.15210111956102,175.73046991034678,176.28399552635892,65551300
2023-09-11,177.28228759765625,178.21140101532347,175.2856831308839,177.9840695669679,58953100
2023-09-12,174.25775146484375,178.04338672084478,172.79489994360574,177.4108010563609,90370200
2023-09-13,172.19198608398438,175.24618840249718,171.96463950783718,174.46533118918654,84267900
2023-09-14,173.7042694091797,174.06009984649242,171.5692867853032,171.98441978182902,60895800
2023-09-15,172.98269653320312,174.45544195430384,171.806494041059,174.43566940930017,109259500
2023-09-18,175.90841674804688,177.30208708635865,174.1292647291417,174.43567131089117,67257600
2023-09-19,176.99569702148438,177.54920768301113,175.07816717117066,175.4636488877364,51826900
2023-09-20,173.45716857910156,177.61839243619755,173.3681996565953,177.1834868845125,58436200
2023-09-21,171.91522216796875,174.25777881422758,171.84604087673065,172.52805046683002,63149100
2023-09-22,172.76524353027344,175.0287248458324,172.03382526857388,172.6466384244914,56725400
2023-09-25,174.040283203125,174.9199727999802,172.13263256691485,172.18205638108142,46172700
2023-09-26,169.96803283691406,173.17049122867175,169.67150500159482,172.79490338049743,64588900
2023-09-27,168.45574951171875,171.0355161486817,167.09174554279588,170.6203831944849,66921800
2023-09-28,168.7127685546875,170.03724268196555,165.6783234920371,167.37840061261642,56294400
2023-09-29,169.22671508789062,171.06516950648842,168.3667828862352,170.027329658855,51861100
2023-10-02,171.7373046875,172.28093658205415,168.9499639274405,169.23661305458424,52164500
2023-10-03,170.4029541015625,171.61871693838452,168.84126971126884,170.26457643095287,49594600
2023-10-04,171.64833068847656,172.19196251916273,168.9894891655102,169.10809426237566,53020300
2023-10-05,172.88385009765625,173.4175881136583,170.6796715086417,171.77681389678688,48527900
2023-10-06,175.43399047851562,175.92819856079907,171.17390414032383,171.78673241813826,57266700
2023-10-09,176.91659545898438,176.97589800927489,173.76354582426052,174.7618406122257,42390800
2023-10-10,176.32354736328125,177.6381425852869,175.88864186643335,176.03691333055846,43698000
2023-10-11,177.7172088623047,177.76663268122664,175.5426965680271,176.13573714899445,47551100
2023-10-12,178.61668395996094,180.227791982292,176.96601576479657,177.98409824545533,56743100
2023-10-13,176.7782440185547,179.82255265296823,176.0764618780152,179.31846581874476,51427100
2023-10-16,176.6497039794922,177.0055343332113,174.46529804209953,174.70252330525588,52517000
2023-10-17,175.09791564941406,176.35320838797153,172.77514673671925,174.60370757241088,57549400
2023-10-18,173.8031005859375,175.5229501994882,173.08156098457755,173.5461178040648,54764400
2023-10-19,173.427490234375,175.7799102245973,173.16061367257353,174.00075828264139,59302900
2023-10-20,170.87742614746094,173.38799708052179,170.64020079013332,173.27927067700122,64244000
2023-10-23,170.9959716796875,171.9942664316387,167.96152725501383,168.93018581492106,55980100
2023-10-24,171.43089294433594,171.65822442721412,169.4639394511676,171.045411263789,43816600
2023-10-25,169.11801147460938,171.0552987076063,168.67321213575732,169.88897487497013,57157000
2023-10-26,164.95677185058594,169.39476582537458,163.75090293239452,168.3964558542296,70625300
2023-10-27,166.2713623046875,167.00279566914165,164.89746448966903,164.97653958977486,58499100
2023-10-30,168.31735229492188,169.1871631923404,166.91380339901636,167.06207484672964,51131000
2023-10-31,168.79183959960938,168.92032345051314,165.95507483465602,167.3882903979478,44846000
2023-11-01,171.95477294921875,172.21175573979943,168.1493644262673,169.01917553597846,56934900
2023-11-02,175.5130615234375,175.7206204672586,173.42750286114074,173.4868054165182,77334800
2023-11-03,174.6037139892578,174.77175801380423,171.34195262679097,172.2216424329047,79829200
2023-11-06,177.15382385253906,177.35150406781844,174.16881791314302,174.33684685023218,63841300
2023-11-07,179.7138214111328,180.32663456302825,176.89682951103612,177.1043884447924,70530000
2023-11-08,180.7714080810547,181.32491864766183,179.48646421884135,180.23767005812115,49340300
2023-11-09,180.2969970703125,181.98718027395728,179.70394133589065,180.8406289798602,53763500
2023-11-10,184.48348999023438,184.65175539538808,181.6430032262288,182.07848170612579,66133400
2023-11-13,182.89996337890625,184.11731278262945,182.3160331472403,183.9094803756521,43627500
2023-11-14,185.51280212402344,186.17591157835597,184.38452385663774,185.77012344749633,60108400
2023-11-15,186.07693481445312,187.55162053928348,185.84930383072194,185.91859136162876,53790500
2023-11-16,187.75949096679688,188.9966390106662,186.71037673999564,187.6209309899597,54412900
2023-11-17,187.73963928222656,188.4225472256406,186.6311597809751,188.2938790328523,50922700
2023-11-20,189.4815673828125,189.93684445013852,187.92771748948175,187.93760923589429,46505100
2023-11-21,188.67990112304688,189.55085808280586,187.78916067013205,189.44198846283598,38134500
2023-11-22,189.343017578125,190.94635649331246,188.8679569924961,189.52117473642568,39617700
2023-11-24,188.01678466796875,188.93721542830764,187.30418629136327,188.9075250877743,24048300
2023-11-27,187.838623046875,188.7095799535061,186.95777439426936,187.9672912540552,40552600
2023-11-28,188.4423370361328,189.11535325725313,187.45261884770375,187.82871659191514,38415400
2023-11-29,187.42295837402344,190.11499348364924,187.02707707633283,188.93722623545,43014200
2023-11-30,187.99697875976562,188.36318478193425,186.2550800746654,187.888109148078,48794400
2023-12-01,189.2737274169922,189.59042941044567,187.2843840288066,188.37308016671426,45704800
2023-12-04,187.48233032226562,188.09596593756666,185.52269231677565,188.02667840765253,43389500
2023-12-05,191.4313201904297,192.40123993854135,188.22462732075607,188.25433276481266,66628400
2023-12-06,190.34263610839844,192.75753614335477,190.1347886146608,192.45072587794942,41089700
2023-12-07,192.2725830078125,192.99507315570867,191.59956669458757,191.63916388460834,47477700
2023-12-08,193.6977996826172,193.97491963358075,191.67876563770596,192.203315195023,53406400
2023-12-11,191.1938018798828,191.50062728331056,189.45190285406377,191.12452944175106,60943700
2023-12-12,192.7080535888672,192.71794533501543,189.748790485074,191.09480795445688,52696900
2023-12-13,195.92462158203125,195.96420366520786,192.84659737493098,193.08412007779322,70404200
2023-12-14,196.07310485839844,197.567574144968,194.14315707722483,195.98403383047588,66831600
2023-12-15,195.5386505126953,196.36010340669733,194.97450383643803,195.4990533238864,128538400
2023-12-18,193.87591552734375,194.60831249977454,192.39133809002112,194.0738561652729,55751900
2023-12-19,194.91514587402344,194.9250376214273,193.87593852424982,194.14316672319833,40714100
2023-12-20,192.8268280029297,195.6475162401682,192.8268280029297,194.87553713507947,52242800
2023-12-21,192.67835998535156,195.05369307239374,191.51049958819766,194.08377332368417,46482500
2023-12-22,191.60946655273438,193.40085423729087,190.98593919883143,193.17320815773428,37149600
2023-12-26,191.06512451171875,191.89648427525853,190.84738527337694,191.6193643540786,28919300
2023-12-27,191.1641082763672,191.51051576683653,189.1252907315366,190.51090559150927,48087700
2023-12-28,191.58966064453125,192.65855816674446,191.18387253758047,192.14390044821914,34049900
2023-12-29,190.55047607421875,192.40124458871406,189.75869835988954,191.90638540499626,42672100
2024-01-02,183.7313232421875,186.50253778362813,181.99931604152513,185.22579259007347,82488700
2024-01-03,182.35557556152344,183.968821035463,181.543999401021,182.32588522412956,58414500
2024-01-04,180.03965759277344,181.2075179249861,179.0202489631632,180.27718031693732,71983600
2024-01-05,179.31716918945312,180.88092604513352,178.31755906038765,180.11885376441708,62379700
2024-01-08,183.65213012695312,183.6917273170526,179.63387614033877,180.21780632812883,59144500
2024-01-09,183.23643493652344,183.24632668227045,180.8512103460259,182.0289774717032,42841800
2024-01-10,184.27565002441406,184.48348240733844,182.02898528742006,182.45457200324566,46792900
2024-01-11,183.6818084716797,185.12680377786887,181.73206228896322,184.6220377994394,49128400
2024-01-12,184.0084228515625,184.8199990991005,183.28593272766105,184.14698280822722,40477800
2024-01-16,181.7419891357422,182.3655014396163,179.06973745492456,180.28710192352952,65603000
2024-01-17,180.80174255371094,181.04917214343425,178.44622312883942,179.40625114511818,47317400
2024-01-18,186.69053649902344,187.19528731081454,183.91932270270127,184.1766439809261,78005800
2024-01-19,189.59043884277344,189.97642838325277,186.8786203129096,187.38337121910467,68903000
2024-01-22,191.896484375,193.32168117146784,190.2832386815117,190.32283587135973,60133900
2024-01-23,193.1732177734375,193.73736447446063,191.83710707958323,193.01487431695855,42355600
2024-01-24,192.5001983642578,194.36087349468033,192.3418398208385,193.41073733606618,53631300
2024-01-25,192.17361450195312,194.2520291241628,191.1245154438125,193.21282181305796,54822100
2024-01-26,190.4416046142578,192.75754194727924,189.9665440310004,192.2725896171282,44594000
2024-01-29,189.75868225097656,190.22385105233468,187.63079398239137,190.03580216218106,47145600
2024-01-30,186.10662841796875,189.82797900977772,185.54249682198056,188.97682064057707,55859400
2024-01-31,182.50405883789062,185.17631048108575,182.45458500160478,185.11691469411622,55467800
2024-02-01,184.93875122070312,185.02782223798647,181.93001441121828,182.0982647000541,64885400
2024-02-02,183.9391326904297,185.40391139136472,177.4069865588012,178.01071526218476,102551700
2024-02-05,185.7503204345703,187.30418539055444,183.9292424150712,186.21548923655902,69668800
2024-02-06,187.35366821289062,187.36355995873058,184.8496822422945,184.93875326056028,43490800
2024-02-07,187.46253967285156,189.08567701882757,186.6707620426896,188.67988890685803,53439000
2024-02-08,186.38375854492188,187.59120098390878,185.42373058041275,187.44274927884152,40962000
2024-02-09,187.1468048095703,188.2765227675386,186.30446474496694,186.9485964735415,45155200
2024-02-12,185.46214294433594,186.9684387436886,185.10538907399385,186.72069342042812,41781900
2024-02-13,183.3711395263672,184.53060074172208,181.85493962465304,184.094566630165,56529500
2024-02-14,182.4891815185547,183.85674041023526,180.79461213824646,183.64864282656313,54630500
2024-02-15,182.20181274414062,182.82613576875198,179.71445525689393,181.8946109768474,65434500
2024-02-16,180.66578674316406,183.18288755084293,180.03155935687485,181.76577652013776,49752500
2024-02-20,179.9225616455078,180.78471053407532,178.3766332434525,180.15048310961222,53665600
2024-02-21,180.67572021484375,181.24057170015067,179.03068760645021,180.29914247718926,41371400
2024-02-22,182.7071990966797,183.29188949706392,180.8144364958238,181.82522643308513,52292200
2024-02-23,180.8739013671875,183.3711632214272,180.58650833781007,183.34143499372246,45119700
2024-02-26,179.52615356445312,181.11171437415507,179.0207434868858,180.59641504961763,40867400
2024-02-27,180.98291015625,182.26126931281985,177.94059046680667,179.46671005654383,54318900
2024-02-28,179.78379821777344,181.46846314665845,178.50543918901624,180.86396404098633,48953900
2024-02-29,179.119873046875,180.92346630197014,177.9108746304469,179.63518756564144,136682600
2024-03-01,178.03970336914062,178.90185225837237,175.78026722267666,177.93069482167198,73563100
2024-03-04,173.5208282470703,175.30458245485661,172.2226300679557,174.56134649455421,81510100
2024-03-05,168.58572387695312,170.48840604509627,168.0902332564625,169.21995126633416,95132400
2024-03-06,167.5947265625,169.6956168742887,167.1586924388991,169.51723240501005,68587700
2024-03-07,167.47584533691406,169.19023880968834,166.9704503005263,167.6244864884472,71765100
2024-03-08,169.19021606445312,172.13343143853632,167.41636636953461,167.4758228221548,76267000
2024-03-11,171.19200134277344,172.8073055285168,170.49831753088682,171.3802901891083,60139500
2024-03-12,171.6676788330078,172.4604668624585,169.4676992338398,171.58839851794536,59825400
2024-03-13,169.5866241455078,171.62804307697533,169.21995080494636,171.21183277143888,52488700
2024-03-14,171.4397430419922,172.73792596009017,170.49831395125625,171.35055836544484,72913500
2024-03-15,171.0631866455078,171.0631866455078,168.75419840900892,169.6262667891251,121752700
2024-03-18,172.1532745361328,176.1072954101753,171.95508129819135,173.98659600973463,75604200
2024-03-19,174.49195861816406,175.0171774056643,171.4694631572472,172.76764601394297,55215200
2024-03-20,177.05860900878906,177.05860900878906,173.51089450186836,174.1352174960067,53423100
2024-03-21,169.824462890625,175.88927881289044,169.29924400405602,175.45324461547284,106181300
2024-03-22,170.7262420654297,171.48930183291895,168.52626256417108,170.21092760104455,71160100
2024-03-25,169.30914306640625,170.3893089389317,167.92176032191367,169.03166954174233,54288300
2024-03-26,168.17942810058594,169.87399750483326,168.0505957042821,168.4668059986792,57388400
2024-03-27,171.74693298339844,172.03432597186392,168.57579646987435,168.8730938257735,60273300
2024-03-28,169.93345642089844,170.67669234048742,168.97220342186947,170.20102558587905,65672700
2024-04-01,168.49655151367188,169.70554992575666,167.9515087670476,169.64609346633853,46240500
2024-04-02,167.31724548339844,167.81273603395658,166.71274640687062,167.5550863912881,49329500
2024-04-03,168.1199493408203,169.14065873561202,167.05960735256843,167.26770493028647,47691700
2024-04-04,167.29745483398438,170.3694875068381,167.29745483398438,168.7541832986243,53704400
2024-04-05,168.0505828857422,168.85327518664994,167.4262599311819,168.0604872534819,42104800
2024-04-08,166.9307861328125,167.67402205960258,166.72268854116854,167.50555706407098,37425500
2024-04-09,168.13978576660156,168.5460917055098,166.83169838821917,167.17853275073267,42373800
2024-04-10,166.266845703125,167.56502882108228,165.60289002910008,167.27765088979615,49709300
2024-04-11,173.4613494873047,173.87757491447604,166.64340884278624,166.8217782077108,91070300
2024-04-12,174.95774841308594,176.7514221146486,172.63885584160187,172.68839280877705,101670900
2024-04-15,171.13255310058594,175.0370216134587,170.94426424521788,173.77847120218846,73531800
2024-04-16,167.8524169921875,172.1929047923956,166.75242714722782,170.20103782824683,73711200
2024-04-17,166.48484802246094,169.11094225529814,166.48484802246094,168.08032842085646,50901200
2024-04-18,165.5334930419922,167.11906901091456,165.0479219314042,166.51456987389489,43122900
2024-04-19,163.51190185546875,164.89926951971245,162.6002009445124,164.7109957890585,68149400
2024-04-22,164.3443145751953,165.75150603037284,163.28397258003716,164.0272084619306,48116400
2024-04-23,165.39476013183594,165.54341638804536,163.43262154349364,163.85875133255257,49537800
2024-04-24,167.49563598632812,167.7731094949557,164.7109814111337,165.03799187966663,48251800
2024-04-25,168.35781860351562,169.07132637527934,166.63350563489078,168.00106471763377,50558300
2024-04-26,167.77310180664062,169.79469657988224,167.6541737932701,168.34787265422193,44838400
2024-04-29,171.93524169921875,174.44242297655094,171.53885525962073,171.80640930182136,68169400
2024-04-30,168.79383850097656,173.41181476528868,168.46681287321124,171.76678225756265,65934800
2024-05-01,167.77310180664062,171.1523509575647,167.5848129798778,168.05057530255277,50383100
2024-05-02,171.469482421875,171.8559644998941,169.34878317714927,170.95416794412498,94214900
2024-05-03,181.72613525390625,185.31348231884328,181.01262758822543,184.9666328542693,163224100
2024-05-06,180.07122802734375,182.53876191493006,178.7928536161005,180.70545548743195,78569700
2024-05-07,180.7549591064453,183.2324120279765,179.68471275097576,181.79549235772294,77305800
2024-05-08,181.09190368652344,181.41892928578648,179.81352951475225,181.20091221961113,45057100
2024-05-09,182.90541076660156,182.99459544718977,180.4675903156434,180.91352883975787,48983000
2024-05-10,181.64515686035156,183.66949389545601,180.7322193628195,183.48094965782863,50759500
2024-05-13,184.850341796875,185.66405574980115,183.20307828852305,184.0167922414492,72044800
2024-05-14,185.9915313720703,186.8548647149755,184.8602810891409,186.07091921634225,52393600
2024-05-15,188.2639617919922,189.1868170758504,185.93199122253947,186.46785537715886,70400000
2024-05-16,188.383056640625,189.6333963773736,188.20444533062346,189.0082265089993,52845200
2024-05-17,188.41281127929688,189.34559954047234,187.72810435814964,188.0555735439889,41282900
2024-05-20,189.57383728027344,190.44708847543168,187.55941793463836,187.8769693298537,44361300
2024-05-21,190.87379455566406,191.2508679069906,189.45476137627725,189.62345487533878,42309400
2024-05-22,189.4348907470703,191.34016861791716,188.80973611420333,190.79438668312676,34648500
2024-05-23,185.44577026367188,189.5341459487459,185.19768892080702,189.51429520164533,51005900
2024-05-24,188.52197265625,189.11737394472448,186.59685898409072,187.37088671578107,36327000
2024-05-28,188.53189086914062,191.5187845976106,187.64872194997955,190.04021443649896,52280100
2024-05-29,188.82957458496094,190.7745388343773,188.05556206266323,188.15480064928906,53068000
2024-05-30,189.82191467285156,190.70508365256933,189.16699143181853,189.29598343446253,49889100
2024-05-31,190.77455139160156,191.09210277636024,188.45251367186646,189.9707702687458,75158300
2024-06-03,192.54087829589844,193.49351725389894,191.04247253185534,191.41954585254337,50080500
2024-06-04,192.85842895507812,193.82098571162214,191.54855228534223,193.14619663099631,47471400
2024-06-05,194.3667755126953,195.38886948576234,193.37445009094603,193.9003813531384,54156800
2024-06-06,192.98744201660156,194.99194358986873,192.679823561343,194.1881624282746,41181800
2024-06-07,195.37893676757812,195.42855606321456,192.65004206608782,193.1561225415401,53103900
2024-06-10,191.6378631591797,195.7857909182053,190.6753063763642,195.3888517006261,97010200
2024-06-11,205.56019592285156,205.57012886730556,192.14396771907968,192.1638033246204,172373300
2024-06-12,211.4347686767578,218.51003809526938,205.3121079690946,205.77850209290926,198134300
2024-06-13,212.59579467773438,215.08652592836702,209.9760562824749,213.09195736730385,97862700
2024-06-14,210.85923767089844,213.51866257545944,209.678367977573,212.2088008716011,70122700
2024-06-17,215.0071258544922,217.2696263789355,211.08744385812574,211.73244926121387,93728300
2024-06-18,212.6453857421875,216.95208913019513,211.36529274424583,215.9200623200828,79943300
2024-06-20,208.07077026367188,212.59578653831548,207.24715355520107,212.28815296354617,86172500
2024-06-21,205.89759826660156,210.26382387597764,205.5205097773767,208.77533580800622,241805100
2024-06-24,206.54258728027344,211.0675882243761,205.00448003735443,206.12581247138846,80727000
2024-06-25,207.46546936035156,209.75773850908567,207.0089930344414,207.54484206411715,55549700
2024-06-26,211.61337280273438,213.21101716086312,209.02340313251779,209.87680350658064,66213200
2024-06-27,212.4568634033203,214.0842763709762,210.7202940415425,213.04233172557286,49772700
2024-06-28,209.00357055664062,214.41175609103416,208.686034302842,214.1140554431902,82542700
2024-07-01,215.08651733398438,215.84067914098924,210.29358412725625,210.46227761796723,60402900
2024-07-02,218.5795135498047,218.6886699462021,213.44919320249295,214.4911227279333,58046200
2024-07-03,219.8496856689453,219.8496856689453,217.34902153194005,218.31157833867707,37369800
2024-07-05,224.60293579101562,224.71209219476,219.9489270685169,219.9489270685169,60412400
2024-07-08,226.07154846191406,226.1013170084402,221.53661474646515,225.3471401186269,59085900
2024-07-09,226.92495727539062,227.63943274976205,224.63268810415036,226.180713251394,48076100
2024-07-10,231.19195556640625,231.29119415797783,227.49058625437067,227.54020555015646,62627700
2024-07-11,225.82350158691406,230.6065022056456,224.0373128145247,229.61417679228308,64710600
2024-07-12,228.77069091796875,230.8545803134063,226.92496506939614,227.1631286162611,53046500
2024-07-15,232.6010284423828,235.40931066737232,231.30108481047094,234.66506674299396,62631300
2024-07-16,233.0178680419922,234.4567369075411,230.54697223527828,233.1964793539142,43234300
2024-07-17,227.12344360351562,229.6836449661141,224.9006292447048,227.6890612108438,57345900
2024-07-18,222.45950317382812,228.67146993188885,220.5641731481692,228.51269423226466,66034600
2024-07-19,222.5885009765625,225.0593965950336,221.56640705838353,223.09459660515446,49151500
2024-07-22,222.24118041992188,226.03185518490554,221.37784711424985,225.2677604657143,48201800
2024-07-23,223.2831268310547,225.19832267550643,220.97100689389265,222.64803919770813,39960300
2024-07-24,216.86277770996094,223.0747441599071,215.46361045876344,222.280880842846,61777600
2024-07-25,215.82083129882812,219.1550448561193,212.9728474396388,217.2497669876539,51391200
2024-07-26,216.2872314453125,217.80548795978973,214.35218497553956,217.02154248476683,41601300
2024-07-29,216.56507873535156,217.61694112977094,214.09418328948692,215.29490356378676,36311800
2024-07-30,217.12078857421875,218.63904514115285,214.46134877521007,217.50779485320817,41643800
2024-07-31,220.3756103515625,222.10226187087767,218.93674165630796,219.7405227481965,50036300
2024-08-01,216.68417358398438,222.7572001483694,215.35446119036925,222.64804374939,62501000
2024-08-02,218.17266845703125,223.8686218452105,216.03917485082664,217.468110743228,105568600
2024-08-05,207.66395568847656,211.86148819381572,194.49579244022425,197.5620745135683,119548600
2024-08-06,205.63958740234375,208.37841518370308,199.52687447574846,203.72440665766518,69660500
2024-08-07,208.20970153808594,212.00037630720823,204.80601788828693,205.31209833985366,63516400
2024-08-08,211.67291259765625,212.5560815310077,207.22729938249148,211.47445056104476,47161100
2024-08-09,214.58042907714844,215.1162780786914,210.3431957915856,210.47220292637738,42201600
2024-08-12,216.11038208007812,218.07745621052726,214.19298467780987,214.65991863613397,38028100
2024-08-13,219.8260040283203,220.441953079239,217.58074300671984,217.58074300671984,44155300
2024-08-14,220.27304077148438,221.5744891931242,218.2662191901357,219.13055181670978,41960600
2024-08-15,223.2534637451172,223.87935717471936,221.30624816369337,223.13425172393934,46414000
2024-08-16,224.5747833251953,225.34969177239586,222.19043681447837,222.45867901826594,44340200
2024-08-19,224.4158477783203,224.515201244893,221.5844407323156,224.24695901251525,40687800
2024-08-20,225.0317840576172,225.68748051768907,223.97870407222223,224.29662301984854,30299000
2024-08-21,224.9224853515625,226.4921759358446,223.58130467937312,225.04171252806572,34765500
2024-08-22,223.06471252441406,226.84984597984075,222.43881906323927,226.30343225653021,43695300
2024-08-23,225.359619140625,226.7306179936649,222.8660050723941,224.18732719786422,38677300
2024-08-26,225.6973876953125,225.7967411465175,222.4288653159012,225.2801304868265,30602200
2024-08-27,226.5418701171875,227.35652605602343,223.4223624308928,224.52511915345738,35934600
2024-08-28,225.0119171142578,228.35991942602843,224.20719049274723,226.43257756563742,38052200
2024-08-29,228.2903594970703,231.39993763712056,227.38630977427198,228.59834913803303,51906300
2024-08-30,227.5055389404297,228.89639643358683,225.99545426270925,228.68777538921813,52990800
2024-09-03,221.31619262695312,227.50553099413642,219.7266282681139,227.05847075546578,50190600
2024-09-04,219.40870666503906,220.33263007260953,216.06068946962992,220.21341806110573,43840200
2024-09-05,220.9287567138672,224.0085170705176,220.07436845302396,220.1836512012438,36615400
2024-09-06,219.37892150878906,223.7700744804958,218.33577084564575,222.4884846157397,48423000
2024-09-09,219.4683380126953,219.82598924771256,215.2957503769675,219.37892899374344,67180000
2024-09-10,218.67356872558594,220.03462329185413,215.3156216628219,217.49133220778626,51591000
2024-09-11,221.20692443847656,221.63411098197892,216.4680492147489,220.01475867053273,44587100
2024-09-12,221.31619262695312,222.09110108310472,218.38544755210194,221.04795042006705,37455600
2024-09-13,221.04794311523438,222.57788625371046,220.461797151476,222.12089674811224,36766600
2024-09-16,214.90829467773438,215.80241517960704,212.52394807405793,215.126845002842,59357400
2024-09-17,215.37522888183594,215.4845116318028,213.10018001697546,214.34202255786693,45519300
2024-09-18,219.24977111816406,221.25659276615585,216.12031904206836,216.13026348358338,59894900
2024-09-19,227.37635803222656,228.32017032885514,223.16403855762368,223.52168975444923,66781300
2024-09-20,226.71075439453125,231.56884144729943,226.1345376792504,228.46920754640476,318679900
2024-09-23,224.99203491210938,227.95258288382507,224.336338501163,225.8563523524968,54146000
2024-09-24,225.8861541748047,227.8532433973514,224.2568575968381,227.15779954496355,43556100
2024-09-25,224.8927001953125,225.80669443859438,222.55804543582803,223.462095237407,42308700
2024-09-26,226.0352020263672,227.00880227293717,223.9389713421174,225.81663654010723,36636700
2024-09-27,226.3034210205078,228.02214184296878,225.8166284941723,226.9690618971705,34026000
2024-09-30,231.47943115234375,231.47943115234375,228.1512873446241,228.5387415800987,54541900
